1	1	c7bb62e91735fad5034418c4a4f04f18	2017-06-03 08:40:48	2017-06-03 08:40:48
2	2	600ae9f6f868b5f1f28ccabda803d11a	2017-06-03 08:52:39	2017-06-03 08:52:39
3	3	ff96de0deb2bcef995a1e17ee86f33b2	2017-06-03 09:00:30	2017-06-03 09:00:30
4	4	12852741a175301d31be43af38c7c19f	2017-06-03 12:02:20	2017-06-03 12:02:20
5	5	c25aa6a1308b8e6fbe90eeaa0bc3e6c1	2017-06-03 22:33:31	2017-06-03 22:33:31
6	6	124a08e921946ae18db06f730e0b58c9	2017-06-04 09:10:12	2017-06-04 09:10:12
7	7	902ae3f7958ec440dc906a452884cfca	2017-06-04 09:17:59	2017-06-04 09:17:59
8	8	2c10527050642087ae7c4d360220315c	2017-06-04 09:24:42	2017-06-04 09:24:42
446	9	fc27a073b28bd144c1c48c239326a485	2017-06-27 21:12:17	2017-06-27 21:12:17
10	10	e159ed479021dc9187915c8d31912d6c	2017-06-05 03:44:09	2017-06-05 03:44:09
11	11	c2ea198a0d1d4229fb4bdb1be263bf66	2017-06-05 03:48:57	2017-06-05 03:48:57
12	12	902ae3f7958ec440dc906a452884cfca	2017-06-05 03:54:09	2017-06-05 03:54:09
13	13	46e73655928d11b2709607fcdce89270	2017-06-05 03:56:52	2017-06-05 03:56:52
14	14	902ae3f7958ec440dc906a452884cfca	2017-06-05 05:44:50	2017-06-05 05:44:50
15	14	fc27a073b28bd144c1c48c239326a485	2017-06-05 05:44:50	2017-06-05 05:44:50
16	15	c25aa6a1308b8e6fbe90eeaa0bc3e6c1	2017-06-05 05:56:18	2017-06-05 05:56:18
17	16	f6810e0e6d254262902ca17eba4c15f0	2017-06-05 06:02:10	2017-06-05 06:02:10
18	17	5c514cd2a12ac1325c28e082d3d9fc8e	2017-06-05 06:10:39	2017-06-05 06:10:39
19	18	d690f5a7621b85c7a0dd65ec387dbaa4	2017-06-05 06:15:54	2017-06-05 06:15:54
20	19	6b4f37f8be8befe7530b1ba0efe1173a	2017-06-05 06:19:46	2017-06-05 06:19:46
21	20	c25aa6a1308b8e6fbe90eeaa0bc3e6c1	2017-06-05 06:22:57	2017-06-05 06:22:57
22	21	b64fb5a6a5d5d780ab78dfdadc233832	2017-06-05 06:27:07	2017-06-05 06:27:07
23	22	ff96de0deb2bcef995a1e17ee86f33b2	2017-06-05 06:34:29	2017-06-05 06:34:29
24	23	124a08e921946ae18db06f730e0b58c9	2017-06-05 06:40:18	2017-06-05 06:40:18
25	24	12852741a175301d31be43af38c7c19f	2017-06-05 06:43:14	2017-06-05 06:43:14
26	25	e5c3b877684837c3e99ed2c52d3e63e1	2017-06-05 06:46:05	2017-06-05 06:46:05
27	26	c25aa6a1308b8e6fbe90eeaa0bc3e6c1	2017-06-05 06:46:10	2017-06-05 06:46:10
28	27	e8bada06e1594d631d1085e0e51716ec	2017-06-05 06:52:35	2017-06-05 06:52:35
29	29	12852741a175301d31be43af38c7c19f	2017-06-05 06:56:26	2017-06-05 06:56:26
30	30	c2ea198a0d1d4229fb4bdb1be263bf66	2017-06-05 07:00:40	2017-06-05 07:00:40
31	31	c7bb62e91735fad5034418c4a4f04f18	2017-06-05 07:01:09	2017-06-05 07:01:09
32	32	4e815b6e64f74acf34482722b96d77c0	2017-06-05 07:03:01	2017-06-05 07:03:01
33	33	ff96de0deb2bcef995a1e17ee86f33b2	2017-06-05 07:14:19	2017-06-05 07:14:19
34	34	8eeea42ac08e42dbaea36d65ae0362cd	2017-06-05 07:31:14	2017-06-05 07:31:14
35	35	94e017aa0b4ee31798b0756c455814ba	2017-06-05 07:36:44	2017-06-05 07:36:44
36	36	329e9a8b151b1afc368b63114eea8e47	2017-06-05 07:41:49	2017-06-05 07:41:49
37	37	4f911a0ccfb23a24a132839c2299950f	2017-06-05 07:52:39	2017-06-05 07:52:39
38	38	5362b1c85d17ecfdda906de699e7eb38	2017-06-05 07:56:40	2017-06-05 07:56:40
39	39	f5886e47ef0fc3cc54fd37a8c963ad0c	2017-06-05 07:59:04	2017-06-05 07:59:04
40	39	04fe80c5afbf2f56cee4ca1be380f600	2017-06-05 07:59:04	2017-06-05 07:59:04
41	40	40dd1e8dc8dac8e8306cebbb9d57d09e	2017-06-05 08:01:15	2017-06-05 08:01:15
42	41	5362b1c85d17ecfdda906de699e7eb38	2017-06-05 08:04:05	2017-06-05 08:04:05
43	42	124a08e921946ae18db06f730e0b58c9	2017-06-05 08:11:51	2017-06-05 08:11:51
44	43	12852741a175301d31be43af38c7c19f	2017-06-05 08:18:05	2017-06-05 08:18:05
45	44	e4754d59e8a38c9d87e4a74404c32bb2	2017-06-05 08:18:47	2017-06-05 08:18:47
46	44	d5887dcf0d69c9e6a04b1693ff4d44d4	2017-06-05 08:18:47	2017-06-05 08:18:47
47	45	88ee632e25c9dda5fad4a71de9d159e4	2017-06-05 08:21:03	2017-06-05 08:21:03
48	46	bb39013dc76b49bccac44300b9fbb79c	2017-06-05 08:26:34	2017-06-05 08:26:34
49	47	82683e10dc74bcd7af79d9b78e99d63b	2017-06-05 08:32:42	2017-06-05 08:32:42
50	48	82683e10dc74bcd7af79d9b78e99d63b	2017-06-05 08:40:14	2017-06-05 08:40:14
51	49	b7549b58943367fc8ba11dd6785bbdd7	2017-06-05 09:00:51	2017-06-05 09:00:51
52	50	00c488c0eafe37085c8564e18b0a0e0c	2017-06-05 09:09:40	2017-06-05 09:09:40
53	51	8c7e13577612ae3b144b0c6edc6c1bbd	2017-06-05 09:14:37	2017-06-05 09:14:37
54	52	902ae3f7958ec440dc906a452884cfca	2017-06-05 09:18:59	2017-06-05 09:18:59
55	53	e5481a45d413197e94ecfe1ea89d3162	2017-06-05 09:23:58	2017-06-05 09:23:58
56	54	329e9a8b151b1afc368b63114eea8e47	2017-06-05 09:31:49	2017-06-05 09:31:49
57	55	98febfbdc2211de3c3c0d0bca8ca5bd7	2017-06-05 09:39:13	2017-06-05 09:39:13
58	56	943c6d6b62157177a0f1c20ff45ed8e0	2017-06-05 09:42:22	2017-06-05 09:42:22
59	57	442a20a75d6248979644e06c229cab4d	2017-06-05 13:58:03	2017-06-05 13:58:03
60	58	902ae3f7958ec440dc906a452884cfca	2017-06-05 14:39:55	2017-06-05 14:39:55
61	59	4aaf42c239fc26ee9b29e3db3bdcebd2	2017-06-05 21:00:45	2017-06-05 21:00:45
62	60	f38c271523fbde026eebf1992e3b7501	2017-06-05 22:10:44	2017-06-05 22:10:44
63	61	108ba97f59310790ca46974290e92169	2017-06-06 12:11:31	2017-06-06 12:11:31
64	62	90f9d0950678df05cfeee11d86f117f0	2017-06-06 13:03:17	2017-06-06 13:03:17
65	62	4351946a364f20ed33e7bb4eb92fdecb	2017-06-06 13:03:17	2017-06-06 13:03:17
66	63	90f9d0950678df05cfeee11d86f117f0	2017-06-06 13:06:18	2017-06-06 13:06:18
67	63	4351946a364f20ed33e7bb4eb92fdecb	2017-06-06 13:06:18	2017-06-06 13:06:18
68	64	90f9d0950678df05cfeee11d86f117f0	2017-06-06 13:09:18	2017-06-06 13:09:18
69	64	4351946a364f20ed33e7bb4eb92fdecb	2017-06-06 13:09:18	2017-06-06 13:09:18
70	65	90f9d0950678df05cfeee11d86f117f0	2017-06-06 13:11:59	2017-06-06 13:11:59
71	65	4351946a364f20ed33e7bb4eb92fdecb	2017-06-06 13:11:59	2017-06-06 13:11:59
72	66	90f9d0950678df05cfeee11d86f117f0	2017-06-06 13:15:16	2017-06-06 13:15:16
73	66	4351946a364f20ed33e7bb4eb92fdecb	2017-06-06 13:15:16	2017-06-06 13:15:16
74	67	90f9d0950678df05cfeee11d86f117f0	2017-06-06 13:18:31	2017-06-06 13:18:31
75	67	4351946a364f20ed33e7bb4eb92fdecb	2017-06-06 13:18:31	2017-06-06 13:18:31
76	68	90f9d0950678df05cfeee11d86f117f0	2017-06-06 13:22:24	2017-06-06 13:22:24
77	68	4351946a364f20ed33e7bb4eb92fdecb	2017-06-06 13:22:24	2017-06-06 13:22:24
78	69	90f9d0950678df05cfeee11d86f117f0	2017-06-06 13:24:28	2017-06-06 13:24:28
79	69	4351946a364f20ed33e7bb4eb92fdecb	2017-06-06 13:24:28	2017-06-06 13:24:28
80	70	90f9d0950678df05cfeee11d86f117f0	2017-06-06 13:26:14	2017-06-06 13:26:14
81	70	4351946a364f20ed33e7bb4eb92fdecb	2017-06-06 13:26:14	2017-06-06 13:26:14
82	71	90f9d0950678df05cfeee11d86f117f0	2017-06-06 13:29:40	2017-06-06 13:29:40
83	71	4351946a364f20ed33e7bb4eb92fdecb	2017-06-06 13:29:40	2017-06-06 13:29:40
84	72	902ae3f7958ec440dc906a452884cfca	2017-06-06 14:39:56	2017-06-06 14:39:56
85	73	60723343548e08987a6a5aca01bdf307	2017-06-06 15:44:08	2017-06-06 15:44:08
86	74	7fa66da830e8e14226ede686aa8813b5	2017-06-06 19:05:12	2017-06-06 19:05:12
87	75	7fa66da830e8e14226ede686aa8813b5	2017-06-06 19:13:15	2017-06-06 19:13:15
88	76	ff96de0deb2bcef995a1e17ee86f33b2	2017-06-06 19:29:55	2017-06-06 19:29:55
89	77	60723343548e08987a6a5aca01bdf307	2017-06-06 20:31:31	2017-06-06 20:31:31
90	78	41e7d5862b7afdcbf572956111a4541e	2017-06-06 20:35:52	2017-06-06 20:35:52
91	79	7fa66da830e8e14226ede686aa8813b5	2017-06-06 20:43:36	2017-06-06 20:43:36
92	80	82683e10dc74bcd7af79d9b78e99d63b	2017-06-06 21:57:38	2017-06-06 21:57:38
93	81	e20dd606eac1c91dbd448bb431462796	2017-06-06 22:19:31	2017-06-06 22:19:31
94	82	60723343548e08987a6a5aca01bdf307	2017-06-06 22:32:37	2017-06-06 22:32:37
95	83	c7bb62e91735fad5034418c4a4f04f18	2017-06-06 22:38:01	2017-06-06 22:38:01
96	83	c25aa6a1308b8e6fbe90eeaa0bc3e6c1	2017-06-06 22:38:01	2017-06-06 22:38:01
97	84	17ed3ea32219d5a59a1f72b5435b5602	2017-06-06 22:46:14	2017-06-06 22:46:14
98	85	c25aa6a1308b8e6fbe90eeaa0bc3e6c1	2017-06-06 22:53:34	2017-06-06 22:53:34
99	86	b8e7ab698b080de0e362a833bf3a7150	2017-06-06 23:29:51	2017-06-06 23:29:51
100	87	addb337ebfabda780900226871e02099	2017-06-07 00:02:24	2017-06-07 00:02:24
101	88	60723343548e08987a6a5aca01bdf307	2017-06-07 00:14:51	2017-06-07 00:14:51
102	89	60723343548e08987a6a5aca01bdf307	2017-06-07 18:36:51	2017-06-07 18:36:51
103	90	ff96de0deb2bcef995a1e17ee86f33b2	2017-06-07 18:44:59	2017-06-07 18:44:59
104	91	4e815b6e64f74acf34482722b96d77c0	2017-06-07 19:00:39	2017-06-07 19:00:39
512	464	60723343548e08987a6a5aca01bdf307	2017-07-03 17:02:42	2017-07-03 17:02:42
106	93	4195d8ba6bcee15d9922140b1e742a96	2017-06-07 19:10:45	2017-06-07 19:10:45
107	94	60723343548e08987a6a5aca01bdf307	2017-06-07 21:17:40	2017-06-07 21:17:40
108	95	d7795697077906a170408125017ebd92	2017-06-07 21:42:03	2017-06-07 21:42:03
109	96	ea079e0a5d7e13366d6f31b5aeec4a1b	2017-06-07 21:57:17	2017-06-07 21:57:17
110	97	e4754d59e8a38c9d87e4a74404c32bb2	2017-06-07 22:05:54	2017-06-07 22:05:54
111	98	124a08e921946ae18db06f730e0b58c9	2017-06-07 22:10:08	2017-06-07 22:10:08
112	99	60723343548e08987a6a5aca01bdf307	2017-06-07 22:11:57	2017-06-07 22:11:57
113	100	124a08e921946ae18db06f730e0b58c9	2017-06-07 22:21:06	2017-06-07 22:21:06
114	101	5c514cd2a12ac1325c28e082d3d9fc8e	2017-06-07 22:29:22	2017-06-07 22:29:22
115	102	17ed3ea32219d5a59a1f72b5435b5602	2017-06-07 22:35:02	2017-06-07 22:35:02
116	103	bdb2b4acb43e82feb968dab5f41a3a1a	2017-06-07 22:37:47	2017-06-07 22:37:47
117	105	0bae01214902e9a4009a885b02d1d1d7	2017-06-07 22:46:04	2017-06-07 22:46:04
118	106	60723343548e08987a6a5aca01bdf307	2017-06-07 22:47:35	2017-06-07 22:47:35
119	107	ad88e28d92c2aae2f39d29f3bb33e324	2017-06-07 22:52:21	2017-06-07 22:52:21
120	108	2fa380058bb97188f982b640ef1f5079	2017-06-07 22:52:55	2017-06-07 22:52:55
121	109	88ee632e25c9dda5fad4a71de9d159e4	2017-06-07 23:01:01	2017-06-07 23:01:01
122	110	88ee632e25c9dda5fad4a71de9d159e4	2017-06-07 23:06:49	2017-06-07 23:06:49
123	111	124a08e921946ae18db06f730e0b58c9	2017-06-07 23:08:49	2017-06-07 23:08:49
124	112	c25aa6a1308b8e6fbe90eeaa0bc3e6c1	2017-06-07 23:14:30	2017-06-07 23:14:30
125	113	0b0c625f47d24370b89d0c58e510f34f	2017-06-07 23:16:03	2017-06-07 23:16:03
126	114	60723343548e08987a6a5aca01bdf307	2017-06-07 23:18:08	2017-06-07 23:18:08
127	115	58bff48f8ec3cd986d08181548869a14	2017-06-07 23:19:50	2017-06-07 23:19:50
128	116	124a08e921946ae18db06f730e0b58c9	2017-06-07 23:23:48	2017-06-07 23:23:48
129	117	60723343548e08987a6a5aca01bdf307	2017-06-07 23:30:28	2017-06-07 23:30:28
130	118	74cd9bc356519d67dc58e563a69573d4	2017-06-07 23:32:19	2017-06-07 23:32:19
131	119	b7549b58943367fc8ba11dd6785bbdd7	2017-06-07 23:38:24	2017-06-07 23:38:24
132	120	18d29ae438664c81491b01d03e764c6a	2017-06-07 23:39:59	2017-06-07 23:39:59
133	121	58bff48f8ec3cd986d08181548869a14	2017-06-07 23:43:31	2017-06-07 23:43:31
134	122	fed8365c5a136e9ebead2f8b416fe94d	2017-06-07 23:50:09	2017-06-07 23:50:09
135	123	60723343548e08987a6a5aca01bdf307	2017-06-07 23:54:16	2017-06-07 23:54:16
136	124	41e7d5862b7afdcbf572956111a4541e	2017-06-07 23:54:41	2017-06-07 23:54:41
137	125	b8e7ab698b080de0e362a833bf3a7150	2017-06-08 00:01:28	2017-06-08 00:01:28
138	126	1c546f9d8648226fdaabfbe9e6f4460c	2017-06-08 00:05:58	2017-06-08 00:05:58
139	127	2fa380058bb97188f982b640ef1f5079	2017-06-08 07:43:17	2017-06-08 07:43:17
140	128	e08d5b0b38aeba9745d1ba1ca92ebb73	2017-06-08 07:47:49	2017-06-08 07:47:49
141	129	60723343548e08987a6a5aca01bdf307	2017-06-08 07:52:34	2017-06-08 07:52:34
142	130	2fa380058bb97188f982b640ef1f5079	2017-06-08 07:55:13	2017-06-08 07:55:13
363	357	2c10527050642087ae7c4d360220315c	2017-06-23 15:14:11	2017-06-23 15:14:11
144	132	74cd9bc356519d67dc58e563a69573d4	2017-06-08 08:00:50	2017-06-08 08:00:50
145	133	8282167b5d37426845c6c124a9c62080	2017-06-08 08:00:53	2017-06-08 08:00:53
146	134	60723343548e08987a6a5aca01bdf307	2017-06-08 08:04:34	2017-06-08 08:04:34
147	135	2c10527050642087ae7c4d360220315c	2017-06-08 08:06:02	2017-06-08 08:06:02
148	136	bd3c9f91c596fad428df4ff1819f0138	2017-06-08 08:08:06	2017-06-08 08:08:06
149	137	c25aa6a1308b8e6fbe90eeaa0bc3e6c1	2017-06-08 08:10:38	2017-06-08 08:10:38
150	138	60723343548e08987a6a5aca01bdf307	2017-06-08 08:12:51	2017-06-08 08:12:51
151	139	7cacf97bc66be3b2c08307270283c9fc	2017-06-08 08:15:08	2017-06-08 08:15:08
152	140	e6078a887cdcad1b5d4e554411c32d8f	2017-06-08 08:16:11	2017-06-08 08:16:11
153	141	60723343548e08987a6a5aca01bdf307	2017-06-08 08:18:46	2017-06-08 08:18:46
154	143	ef6afcfa8ad8a4cdaa52637935aabf08	2017-06-08 08:21:06	2017-06-08 08:21:06
155	144	82683e10dc74bcd7af79d9b78e99d63b	2017-06-08 08:21:28	2017-06-08 08:21:28
156	145	4f1a094094e87919271509e555178aeb	2017-06-08 08:22:45	2017-06-08 08:22:45
157	147	124a08e921946ae18db06f730e0b58c9	2017-06-08 08:34:05	2017-06-08 08:34:05
158	147	c7cfef36ac48f1d9b0ca4279e4cc8f14	2017-06-08 08:34:05	2017-06-08 08:34:05
159	148	c7cfef36ac48f1d9b0ca4279e4cc8f14	2017-06-08 08:40:06	2017-06-08 08:40:06
160	149	c25aa6a1308b8e6fbe90eeaa0bc3e6c1	2017-06-08 08:45:40	2017-06-08 08:45:40
161	150	9b8d76a6d4890ea2f43c1ce937b20ec5	2017-06-08 08:47:34	2017-06-08 08:47:34
162	151	60723343548e08987a6a5aca01bdf307	2017-06-08 08:52:24	2017-06-08 08:52:24
163	152	e5481a45d413197e94ecfe1ea89d3162	2017-06-08 08:54:10	2017-06-08 08:54:10
164	153	e159ed479021dc9187915c8d31912d6c	2017-06-08 08:58:43	2017-06-08 08:58:43
165	154	60723343548e08987a6a5aca01bdf307	2017-06-08 09:02:06	2017-06-08 09:02:06
166	155	807e6fc47b6535eff0b6f42cc59e0696	2017-06-08 09:05:02	2017-06-08 09:05:02
167	156	124a08e921946ae18db06f730e0b58c9	2017-06-08 09:10:07	2017-06-08 09:10:07
168	157	bb39013dc76b49bccac44300b9fbb79c	2017-06-08 09:10:56	2017-06-08 09:10:56
169	158	80c255da4f7a27ba1d4abac6797617c0	2017-06-08 09:16:54	2017-06-08 09:16:54
170	159	88ee632e25c9dda5fad4a71de9d159e4	2017-06-08 09:20:17	2017-06-08 09:20:17
171	160	0b0c625f47d24370b89d0c58e510f34f	2017-06-08 09:34:29	2017-06-08 09:34:29
172	161	4f1a094094e87919271509e555178aeb	2017-06-08 09:53:35	2017-06-08 09:53:35
173	162	467aee033a50ffa02fac3fbb18fc28b5	2017-06-08 09:55:23	2017-06-08 09:55:23
174	163	80c255da4f7a27ba1d4abac6797617c0	2017-06-08 09:57:57	2017-06-08 09:57:57
175	164	3e818c3d3ab097bf4df625c69a365ff7	2017-06-08 10:01:14	2017-06-08 10:01:14
176	164	0b0c625f47d24370b89d0c58e510f34f	2017-06-08 10:01:14	2017-06-08 10:01:14
177	165	ff96de0deb2bcef995a1e17ee86f33b2	2017-06-08 10:02:46	2017-06-08 10:02:46
178	166	60723343548e08987a6a5aca01bdf307	2017-06-08 10:04:37	2017-06-08 10:04:37
179	167	307ddb843f9c316f2e7036356c20965a	2017-06-08 10:09:45	2017-06-08 10:09:45
180	168	1b8816f5b3d61370d941fd0722332b37	2017-06-08 10:11:53	2017-06-08 10:11:53
181	169	8ec3127084516a4bd33f079e8a37a073	2017-06-08 10:27:39	2017-06-08 10:27:39
182	170	211329722a0f7cc4c8222b7eb0d4ec4a	2017-06-08 10:29:15	2017-06-08 10:29:15
183	171	80c255da4f7a27ba1d4abac6797617c0	2017-06-08 10:31:34	2017-06-08 10:31:34
310	306	2fa380058bb97188f982b640ef1f5079	2017-06-20 17:27:21	2017-06-20 17:27:21
185	173	1b8816f5b3d61370d941fd0722332b37	2017-06-08 10:37:15	2017-06-08 10:37:15
186	174	e867e3faf024460ab36a87e05b0eb5ff	2017-06-08 11:18:33	2017-06-08 11:18:33
187	175	c25aa6a1308b8e6fbe90eeaa0bc3e6c1	2017-06-08 11:50:52	2017-06-08 11:50:52
188	176	c9009988d0b4c74065968c764ab6ca4a	2017-06-08 11:58:49	2017-06-08 11:58:49
189	177	124a08e921946ae18db06f730e0b58c9	2017-06-08 12:12:34	2017-06-08 12:12:34
190	178	80c255da4f7a27ba1d4abac6797617c0	2017-06-08 12:33:12	2017-06-08 12:33:12
191	179	c25aa6a1308b8e6fbe90eeaa0bc3e6c1	2017-06-08 12:39:06	2017-06-08 12:39:06
192	180	c2ea198a0d1d4229fb4bdb1be263bf66	2017-06-08 12:44:46	2017-06-08 12:44:46
193	181	18d29ae438664c81491b01d03e764c6a	2017-06-08 12:59:39	2017-06-08 12:59:39
194	182	c2f2128a8004073b7f697e6cae824639	2017-06-08 13:13:47	2017-06-08 13:13:47
195	183	60e9e99422d400338e2700ebb70a2e94	2017-06-08 13:19:03	2017-06-08 13:19:03
309	305	8282167b5d37426845c6c124a9c62080	2017-06-20 11:30:10	2017-06-20 11:30:10
197	185	a0b26f9f950137b03cb56925514b8155	2017-06-08 13:38:47	2017-06-08 13:38:47
198	186	124a08e921946ae18db06f730e0b58c9	2017-06-08 13:42:40	2017-06-08 13:42:40
199	187	c2ea198a0d1d4229fb4bdb1be263bf66	2017-06-08 13:42:49	2017-06-08 13:42:49
200	188	60723343548e08987a6a5aca01bdf307	2017-06-08 13:49:42	2017-06-08 13:49:42
201	189	943c6d6b62157177a0f1c20ff45ed8e0	2017-06-08 14:19:00	2017-06-08 14:19:00
202	190	108ba97f59310790ca46974290e92169	2017-06-08 17:48:36	2017-06-08 17:48:36
203	191	e20dd606eac1c91dbd448bb431462796	2017-06-08 18:00:40	2017-06-08 18:00:40
204	192	7a0ec21d0b81d137cf702249c8651bc8	2017-06-08 18:11:16	2017-06-08 18:11:16
205	193	0cd2a59373590dd8a8b4d199bbc42272	2017-06-08 18:20:41	2017-06-08 18:20:41
206	194	3d0ab1cd980ef1c848b9ae91a855eb82	2017-06-08 18:25:20	2017-06-08 18:25:20
207	195	80c255da4f7a27ba1d4abac6797617c0	2017-06-08 18:27:46	2017-06-08 18:27:46
208	196	80c255da4f7a27ba1d4abac6797617c0	2017-06-08 18:32:13	2017-06-08 18:32:13
209	197	90f9d0950678df05cfeee11d86f117f0	2017-06-08 18:37:04	2017-06-08 18:37:04
210	198	c25aa6a1308b8e6fbe90eeaa0bc3e6c1	2017-06-08 18:41:56	2017-06-08 18:41:56
211	199	3e818c3d3ab097bf4df625c69a365ff7	2017-06-09 10:34:23	2017-06-09 10:34:23
212	200	ea079e0a5d7e13366d6f31b5aeec4a1b	2017-06-09 10:39:41	2017-06-09 10:39:41
213	201	60723343548e08987a6a5aca01bdf307	2017-06-09 10:45:09	2017-06-09 10:45:09
214	202	60723343548e08987a6a5aca01bdf307	2017-06-09 10:49:48	2017-06-09 10:49:48
215	203	12852741a175301d31be43af38c7c19f	2017-06-09 10:52:43	2017-06-09 10:52:43
216	204	60723343548e08987a6a5aca01bdf307	2017-06-09 10:58:20	2017-06-09 10:58:20
217	205	643a8f0a2d3b44a16b3f91e880bbc471	2017-06-09 11:03:06	2017-06-09 11:03:06
218	206	ea079e0a5d7e13366d6f31b5aeec4a1b	2017-06-09 11:05:52	2017-06-09 11:05:52
219	207	0b0c625f47d24370b89d0c58e510f34f	2017-06-09 11:10:40	2017-06-09 11:10:40
220	208	12852741a175301d31be43af38c7c19f	2017-06-09 11:12:48	2017-06-09 11:12:48
221	209	60723343548e08987a6a5aca01bdf307	2017-06-09 11:17:01	2017-06-09 11:17:01
222	210	60723343548e08987a6a5aca01bdf307	2017-06-09 11:28:35	2017-06-09 11:28:35
223	211	60723343548e08987a6a5aca01bdf307	2017-06-09 11:32:20	2017-06-09 11:32:20
224	212	60723343548e08987a6a5aca01bdf307	2017-06-09 11:40:54	2017-06-09 11:40:54
225	213	60723343548e08987a6a5aca01bdf307	2017-06-09 14:17:59	2017-06-09 14:17:59
226	214	60723343548e08987a6a5aca01bdf307	2017-06-09 15:03:23	2017-06-09 15:03:23
227	215	60723343548e08987a6a5aca01bdf307	2017-06-09 15:12:53	2017-06-09 15:12:53
228	216	500e427f1a45a9c3f28245bd99c59c7a	2017-06-09 15:23:40	2017-06-09 15:23:40
229	216	597c1fbab573d72724876e3d68859bd7	2017-06-09 15:23:40	2017-06-09 15:23:40
230	217	82683e10dc74bcd7af79d9b78e99d63b	2017-06-09 15:54:13	2017-06-09 15:54:13
231	218	82683e10dc74bcd7af79d9b78e99d63b	2017-06-09 15:55:53	2017-06-09 15:55:53
232	219	fed8365c5a136e9ebead2f8b416fe94d	2017-06-09 16:00:39	2017-06-09 16:00:39
233	220	e596e1f81ee39d482011bf8b16b91654	2017-06-09 16:11:26	2017-06-09 16:11:26
234	221	60723343548e08987a6a5aca01bdf307	2017-06-09 16:18:10	2017-06-09 16:18:10
235	222	643a8f0a2d3b44a16b3f91e880bbc471	2017-06-09 17:45:38	2017-06-09 17:45:38
236	224	4380c7559324262f62878d023dcdcb34	2017-06-09 17:55:57	2017-06-09 17:55:57
237	225	643a8f0a2d3b44a16b3f91e880bbc471	2017-06-09 20:55:09	2017-06-09 20:55:09
238	227	4195d8ba6bcee15d9922140b1e742a96	2017-06-09 21:11:40	2017-06-09 21:11:40
239	228	4195d8ba6bcee15d9922140b1e742a96	2017-06-09 21:15:24	2017-06-09 21:15:24
497	480	2fc2c3417d294da3ca14d7ae7e3b5662	2017-07-01 00:16:58	2017-07-01 00:16:58
241	233	bb39013dc76b49bccac44300b9fbb79c	2017-06-09 21:34:32	2017-06-09 21:34:32
242	234	5362b1c85d17ecfdda906de699e7eb38	2017-06-09 21:38:31	2017-06-09 21:38:31
243	235	a5740d71a1d714c95e8b9f408805e3e2	2017-06-09 21:54:25	2017-06-09 21:54:25
244	236	c88a1ca5bbddf8c676132c1b1e0fde2b	2017-06-09 22:00:44	2017-06-09 22:00:44
245	237	902ae3f7958ec440dc906a452884cfca	2017-06-09 22:08:11	2017-06-09 22:08:11
246	238	e20dd606eac1c91dbd448bb431462796	2017-06-09 22:13:36	2017-06-09 22:13:36
247	240	7893bab2d6c8ce18a025c1e458e6bf8d	2017-06-09 22:25:46	2017-06-09 22:25:46
248	241	e159ed479021dc9187915c8d31912d6c	2017-06-10 09:22:03	2017-06-10 09:22:03
249	242	e159ed479021dc9187915c8d31912d6c	2017-06-10 09:27:50	2017-06-10 09:27:50
250	243	e159ed479021dc9187915c8d31912d6c	2017-06-10 09:32:12	2017-06-10 09:32:12
251	244	c25aa6a1308b8e6fbe90eeaa0bc3e6c1	2017-06-10 22:23:30	2017-06-10 22:23:30
252	246	643a8f0a2d3b44a16b3f91e880bbc471	2017-06-10 22:35:45	2017-06-10 22:35:45
253	247	643a8f0a2d3b44a16b3f91e880bbc471	2017-06-10 22:38:27	2017-06-10 22:38:27
254	248	124a08e921946ae18db06f730e0b58c9	2017-06-10 22:55:34	2017-06-10 22:55:34
255	249	e4754d59e8a38c9d87e4a74404c32bb2	2017-06-10 23:04:49	2017-06-10 23:04:49
256	250	e159ed479021dc9187915c8d31912d6c	2017-06-11 11:31:56	2017-06-11 11:31:56
257	251	60723343548e08987a6a5aca01bdf307	2017-06-11 15:47:10	2017-06-11 15:47:10
258	252	60723343548e08987a6a5aca01bdf307	2017-06-11 16:14:32	2017-06-11 16:14:32
259	253	597c1fbab573d72724876e3d68859bd7	2017-06-12 10:44:11	2017-06-12 10:44:11
260	254	60723343548e08987a6a5aca01bdf307	2017-06-12 11:43:19	2017-06-12 11:43:19
261	255	902ae3f7958ec440dc906a452884cfca	2017-06-12 11:47:11	2017-06-12 11:47:11
262	256	9937d0865c24679d46956f4f1a149c4b	2017-06-12 11:57:38	2017-06-12 11:57:38
263	256	597c1fbab573d72724876e3d68859bd7	2017-06-12 11:57:38	2017-06-12 11:57:38
264	257	e596e1f81ee39d482011bf8b16b91654	2017-06-12 13:18:55	2017-06-12 13:18:55
265	259	ff96de0deb2bcef995a1e17ee86f33b2	2017-06-12 14:18:55	2017-06-12 14:18:55
266	260	85251d9f8fc0e07073572d65b026817a	2017-06-12 14:27:30	2017-06-12 14:27:30
267	266	85251d9f8fc0e07073572d65b026817a	2017-06-12 20:25:25	2017-06-12 20:25:25
268	267	f5886e47ef0fc3cc54fd37a8c963ad0c	2017-06-12 21:11:23	2017-06-12 21:11:23
269	268	329e9a8b151b1afc368b63114eea8e47	2017-06-12 21:13:19	2017-06-12 21:13:19
270	269	60723343548e08987a6a5aca01bdf307	2017-06-13 14:12:55	2017-06-13 14:12:55
295	291	ff96de0deb2bcef995a1e17ee86f33b2	2017-06-19 20:14:55	2017-06-19 20:14:55
272	271	597c1fbab573d72724876e3d68859bd7	2017-06-14 03:52:39	2017-06-14 03:52:39
273	272	1633429f5790613ba74c79140d593905	2017-06-14 04:44:48	2017-06-14 04:44:48
274	272	733c0efa00a97fae7f7a4fa42689f1d8	2017-06-14 04:44:48	2017-06-14 04:44:48
275	273	60723343548e08987a6a5aca01bdf307	2017-06-15 11:06:06	2017-06-15 11:06:06
276	274	60723343548e08987a6a5aca01bdf307	2017-06-15 12:05:10	2017-06-15 12:05:10
277	275	7a0ec21d0b81d137cf702249c8651bc8	2017-06-15 17:21:27	2017-06-15 17:21:27
312	308	60723343548e08987a6a5aca01bdf307	2017-06-20 17:35:59	2017-06-20 17:35:59
279	277	60723343548e08987a6a5aca01bdf307	2017-06-19 11:15:25	2017-06-19 11:15:25
280	278	60723343548e08987a6a5aca01bdf307	2017-06-19 11:23:23	2017-06-19 11:23:23
281	279	d1816951e1da6d214c504f43bd7d28d0	2017-06-19 11:28:48	2017-06-19 11:28:48
282	279	a527796f0c860d6005ea91595029603e	2017-06-19 11:28:48	2017-06-19 11:28:48
283	280	a527796f0c860d6005ea91595029603e	2017-06-19 11:34:37	2017-06-19 11:34:37
284	281	a527796f0c860d6005ea91595029603e	2017-06-19 11:38:46	2017-06-19 11:38:46
285	282	60723343548e08987a6a5aca01bdf307	2017-06-19 11:42:53	2017-06-19 11:42:53
286	283	e159ed479021dc9187915c8d31912d6c	2017-06-19 11:45:44	2017-06-19 11:45:44
287	284	f98ce35455242752307c782116408ad3	2017-06-19 11:50:03	2017-06-19 11:50:03
288	285	8c7e13577612ae3b144b0c6edc6c1bbd	2017-06-19 11:55:43	2017-06-19 11:55:43
289	285	c2f2128a8004073b7f697e6cae824639	2017-06-19 11:55:43	2017-06-19 11:55:43
290	286	ea079e0a5d7e13366d6f31b5aeec4a1b	2017-06-19 11:58:48	2017-06-19 11:58:48
291	287	902ae3f7958ec440dc906a452884cfca	2017-06-19 12:03:47	2017-06-19 12:03:47
292	288	a527796f0c860d6005ea91595029603e	2017-06-19 12:07:05	2017-06-19 12:07:05
293	289	c25aa6a1308b8e6fbe90eeaa0bc3e6c1	2017-06-19 12:12:43	2017-06-19 12:12:43
294	290	902ae3f7958ec440dc906a452884cfca	2017-06-19 12:15:53	2017-06-19 12:15:53
298	294	60723343548e08987a6a5aca01bdf307	2017-06-19 23:32:28	2017-06-19 23:32:28
313	309	0493e1e6726c4f5d45e591800f5e62e5	2017-06-20 17:58:25	2017-06-20 17:58:25
308	304	43b416d7318f5e0fca7ec5e22729a5db	2017-06-20 07:41:16	2017-06-20 07:41:16
314	310	7840863e4cd74c4d2016d7d8d5df1379	2017-06-20 18:28:09	2017-06-20 18:28:09
315	311	e159ed479021dc9187915c8d31912d6c	2017-06-20 18:31:55	2017-06-20 18:31:55
316	311	4e815b6e64f74acf34482722b96d77c0	2017-06-20 18:31:55	2017-06-20 18:31:55
317	312	a5740d71a1d714c95e8b9f408805e3e2	2017-06-20 19:07:21	2017-06-20 19:07:21
318	313	7fa66da830e8e14226ede686aa8813b5	2017-06-20 19:19:22	2017-06-20 19:19:22
319	314	60723343548e08987a6a5aca01bdf307	2017-06-20 19:24:22	2017-06-20 19:24:22
361	355	74cd9bc356519d67dc58e563a69573d4	2017-06-22 12:07:00	2017-06-22 12:07:00
360	354	124a08e921946ae18db06f730e0b58c9	2017-06-22 11:51:31	2017-06-22 11:51:31
322	316	368c5f9b99099f8f0ce5220945f2b9ab	2017-06-21 05:21:56	2017-06-21 05:21:56
323	317	882f7017a4c3d7e02deb7eab24cb0755	2017-06-21 05:32:15	2017-06-21 05:32:15
324	318	8c7e13577612ae3b144b0c6edc6c1bbd	2017-06-21 05:34:00	2017-06-21 05:34:00
325	319	60723343548e08987a6a5aca01bdf307	2017-06-21 05:36:50	2017-06-21 05:36:50
326	320	7893bab2d6c8ce18a025c1e458e6bf8d	2017-06-21 05:39:11	2017-06-21 05:39:11
327	321	60723343548e08987a6a5aca01bdf307	2017-06-21 05:40:59	2017-06-21 05:40:59
328	322	60723343548e08987a6a5aca01bdf307	2017-06-21 05:43:00	2017-06-21 05:43:00
329	323	95fa1295a230fee7f78c11d19ce14455	2017-06-21 05:46:01	2017-06-21 05:46:01
330	324	108ba97f59310790ca46974290e92169	2017-06-21 05:50:01	2017-06-21 05:50:01
331	325	c908282102b98dfb160c85c540963f57	2017-06-21 05:53:15	2017-06-21 05:53:15
332	326	3d0ab1cd980ef1c848b9ae91a855eb82	2017-06-21 09:04:46	2017-06-21 09:04:46
333	327	4e815b6e64f74acf34482722b96d77c0	2017-06-21 09:08:03	2017-06-21 09:08:03
334	328	1c546f9d8648226fdaabfbe9e6f4460c	2017-06-21 09:10:36	2017-06-21 09:10:36
362	356	ff96de0deb2bcef995a1e17ee86f33b2	2017-06-22 15:43:06	2017-06-22 15:43:06
336	330	12e1c01a8eee115a1815e1d458f51a76	2017-06-21 09:14:58	2017-06-21 09:14:58
337	331	851bb05a5707a1db2cdf096d63e92fb5	2017-06-21 09:20:13	2017-06-21 09:20:13
338	332	74cf0e98062fcbef0f750c95689bc63c	2017-06-21 09:28:25	2017-06-21 09:28:25
339	333	2fa380058bb97188f982b640ef1f5079	2017-06-21 09:35:37	2017-06-21 09:35:37
340	334	60723343548e08987a6a5aca01bdf307	2017-06-21 09:36:13	2017-06-21 09:36:13
341	335	6b4f37f8be8befe7530b1ba0efe1173a	2017-06-21 09:39:38	2017-06-21 09:39:38
342	336	5937f363a1341a7622d9c37e643fac5d	2017-06-21 09:44:50	2017-06-21 09:44:50
343	337	e5c3b877684837c3e99ed2c52d3e63e1	2017-06-21 09:46:32	2017-06-21 09:46:32
344	338	60723343548e08987a6a5aca01bdf307	2017-06-21 09:49:16	2017-06-21 09:49:16
345	339	e4754d59e8a38c9d87e4a74404c32bb2	2017-06-21 09:52:41	2017-06-21 09:52:41
346	340	60723343548e08987a6a5aca01bdf307	2017-06-21 09:55:50	2017-06-21 09:55:50
347	341	e20dd606eac1c91dbd448bb431462796	2017-06-21 09:58:54	2017-06-21 09:58:54
348	342	c2ea198a0d1d4229fb4bdb1be263bf66	2017-06-21 10:01:07	2017-06-21 10:01:07
349	343	ff96de0deb2bcef995a1e17ee86f33b2	2017-06-21 10:04:24	2017-06-21 10:04:24
350	344	2c10527050642087ae7c4d360220315c	2017-06-21 10:11:17	2017-06-21 10:11:17
351	345	7c826e7705c275875bf8c86497ded645	2017-06-21 14:12:35	2017-06-21 14:12:35
352	346	edd61585b5bd5cc8a13773bda44fc8e5	2017-06-21 14:17:46	2017-06-21 14:17:46
353	347	4b81dee58d2d6ab4887766ec18537739	2017-06-21 14:25:49	2017-06-21 14:25:49
354	348	60723343548e08987a6a5aca01bdf307	2017-06-21 14:31:31	2017-06-21 14:31:31
355	349	60723343548e08987a6a5aca01bdf307	2017-06-21 22:33:47	2017-06-21 22:33:47
356	350	60723343548e08987a6a5aca01bdf307	2017-06-21 22:44:58	2017-06-21 22:44:58
357	351	60723343548e08987a6a5aca01bdf307	2017-06-21 22:51:44	2017-06-21 22:51:44
358	352	ff42a580f1d4b12fdecb844957e70f31	2017-06-21 23:34:12	2017-06-21 23:34:12
762	742	a936c97be237ac910176a07377d022c7	2017-07-20 08:54:47	2017-07-20 08:54:47
364	361	e4754d59e8a38c9d87e4a74404c32bb2	2017-06-23 18:00:36	2017-06-23 18:00:36
365	362	c25aa6a1308b8e6fbe90eeaa0bc3e6c1	2017-06-23 18:04:55	2017-06-23 18:04:55
366	364	902ae3f7958ec440dc906a452884cfca	2017-06-23 18:14:11	2017-06-23 18:14:11
367	365	124a08e921946ae18db06f730e0b58c9	2017-06-23 18:22:51	2017-06-23 18:22:51
368	368	60e9e99422d400338e2700ebb70a2e94	2017-06-23 18:47:43	2017-06-23 18:47:43
369	371	4e815b6e64f74acf34482722b96d77c0	2017-06-23 20:10:40	2017-06-23 20:10:40
370	372	4e815b6e64f74acf34482722b96d77c0	2017-06-24 10:37:28	2017-06-24 10:37:28
371	373	2fa380058bb97188f982b640ef1f5079	2017-06-24 10:43:32	2017-06-24 10:43:32
372	374	ed703fddc6142c97b9410f57c5ac70d8	2017-06-24 10:54:18	2017-06-24 10:54:18
373	377	ef6afcfa8ad8a4cdaa52637935aabf08	2017-06-24 11:07:59	2017-06-24 11:07:59
374	378	c88a1ca5bbddf8c676132c1b1e0fde2b	2017-06-24 11:15:33	2017-06-24 11:15:33
375	380	124a08e921946ae18db06f730e0b58c9	2017-06-24 11:27:22	2017-06-24 11:27:22
376	381	d54a9042ec895196aec1f750b67d14b8	2017-06-24 11:33:27	2017-06-24 11:33:27
377	382	206c0b9724d8df8a4a06e9d690d560c9	2017-06-24 11:40:34	2017-06-24 11:40:34
378	383	8c7e13577612ae3b144b0c6edc6c1bbd	2017-06-24 11:47:21	2017-06-24 11:47:21
379	384	80c255da4f7a27ba1d4abac6797617c0	2017-06-24 11:53:02	2017-06-24 11:53:02
380	385	80c255da4f7a27ba1d4abac6797617c0	2017-06-24 12:10:14	2017-06-24 12:10:14
381	386	e4754d59e8a38c9d87e4a74404c32bb2	2017-06-24 12:30:20	2017-06-24 12:30:20
382	387	60723343548e08987a6a5aca01bdf307	2017-06-24 12:36:47	2017-06-24 12:36:47
389	394	74cf0e98062fcbef0f750c95689bc63c	2017-06-24 16:07:57	2017-06-24 16:07:57
384	389	0bae01214902e9a4009a885b02d1d1d7	2017-06-24 12:44:01	2017-06-24 12:44:01
386	391	82683e10dc74bcd7af79d9b78e99d63b	2017-06-24 15:35:38	2017-06-24 15:35:38
387	392	c908282102b98dfb160c85c540963f57	2017-06-24 15:43:37	2017-06-24 15:43:37
388	393	c25aa6a1308b8e6fbe90eeaa0bc3e6c1	2017-06-24 15:59:44	2017-06-24 15:59:44
390	395	108ba97f59310790ca46974290e92169	2017-06-24 16:12:47	2017-06-24 16:12:47
391	369	60723343548e08987a6a5aca01bdf307	2017-06-24 19:42:34	2017-06-24 19:42:34
393	245	60723343548e08987a6a5aca01bdf307	2017-06-24 19:48:08	2017-06-24 19:48:08
394	397	88ee632e25c9dda5fad4a71de9d159e4	2017-06-24 21:15:40	2017-06-24 21:15:40
395	398	c2ea198a0d1d4229fb4bdb1be263bf66	2017-06-24 21:17:24	2017-06-24 21:17:24
396	399	82683e10dc74bcd7af79d9b78e99d63b	2017-06-24 21:19:02	2017-06-24 21:19:02
397	400	cb2f1c19f06a09b88501bb43ebd7d67c	2017-06-24 21:20:38	2017-06-24 21:20:38
398	401	9aee9237811de8214b570ecff29540c6	2017-06-24 21:28:07	2017-06-24 21:28:07
405	408	124a08e921946ae18db06f730e0b58c9	2017-06-25 01:49:54	2017-06-25 01:49:54
400	403	7a0ec21d0b81d137cf702249c8651bc8	2017-06-24 21:59:42	2017-06-24 21:59:42
401	404	c25aa6a1308b8e6fbe90eeaa0bc3e6c1	2017-06-24 22:01:09	2017-06-24 22:01:09
402	405	25aa4f378d972eeb12a3d038078a25d3	2017-06-24 22:05:05	2017-06-24 22:05:05
403	406	108ba97f59310790ca46974290e92169	2017-06-24 22:06:55	2017-06-24 22:06:55
625	602	12852741a175301d31be43af38c7c19f	2017-07-10 07:56:37	2017-07-10 07:56:37
406	409	e159ed479021dc9187915c8d31912d6c	2017-06-25 01:52:04	2017-06-25 01:52:04
407	410	e159ed479021dc9187915c8d31912d6c	2017-06-25 01:53:55	2017-06-25 01:53:55
408	410	ff96de0deb2bcef995a1e17ee86f33b2	2017-06-25 01:53:55	2017-06-25 01:53:55
409	411	99e232759b7fc8e068cf99cd75f3c1fa	2017-06-25 01:56:09	2017-06-25 01:56:09
550	536	600ae9f6f868b5f1f28ccabda803d11a	2017-07-06 07:16:22	2017-07-06 07:16:22
411	413	60723343548e08987a6a5aca01bdf307	2017-06-25 02:02:00	2017-06-25 02:02:00
412	414	9b8d76a6d4890ea2f43c1ce937b20ec5	2017-06-25 02:04:02	2017-06-25 02:04:02
413	415	60723343548e08987a6a5aca01bdf307	2017-06-25 02:06:08	2017-06-25 02:06:08
414	416	0c3efca02ab546fd544a5dd625098de8	2017-06-25 02:08:45	2017-06-25 02:08:45
415	417	3d0ab1cd980ef1c848b9ae91a855eb82	2017-06-25 02:10:25	2017-06-25 02:10:25
416	418	902ae3f7958ec440dc906a452884cfca	2017-06-25 02:12:39	2017-06-25 02:12:39
417	419	473d84a6cdf63e92ccf5d9b3a6ae7990	2017-06-25 02:15:25	2017-06-25 02:15:25
418	419	4959c2fcd99890b6e3074bbf2a71682c	2017-06-25 02:15:25	2017-06-25 02:15:25
419	420	60723343548e08987a6a5aca01bdf307	2017-06-25 02:17:31	2017-06-25 02:17:31
420	421	e159ed479021dc9187915c8d31912d6c	2017-06-25 02:18:46	2017-06-25 02:18:46
421	422	c7bb62e91735fad5034418c4a4f04f18	2017-06-25 02:20:24	2017-06-25 02:20:24
422	423	f14c6251aadb9cf721f824a235a7eca6	2017-06-25 02:23:04	2017-06-25 02:23:04
432	431	c7bb62e91735fad5034418c4a4f04f18	2017-06-27 11:20:29	2017-06-27 11:20:29
424	425	f37193a15fb6c3e1e57f3d900d2c073f	2017-06-25 02:26:32	2017-06-25 02:26:32
425	426	60723343548e08987a6a5aca01bdf307	2017-06-25 02:26:35	2017-06-25 02:26:35
426	427	ff96de0deb2bcef995a1e17ee86f33b2	2017-06-25 02:26:48	2017-06-25 02:26:48
427	428	7c826e7705c275875bf8c86497ded645	2017-06-25 02:26:52	2017-06-25 02:26:52
431	429	118b69b4c2056958843404cbf6cb6bd2	2017-06-26 18:27:30	2017-06-26 18:27:30
429	430	7d6a4b3832b5e06a5f8b82ac588d3651	2017-06-25 03:23:30	2017-06-25 03:23:30
430	379	60723343548e08987a6a5aca01bdf307	2017-06-25 08:30:46	2017-06-25 08:30:46
433	432	60723343548e08987a6a5aca01bdf307	2017-06-27 11:35:58	2017-06-27 11:35:58
434	28	60723343548e08987a6a5aca01bdf307	2017-06-27 11:55:30	2017-06-27 11:55:30
435	396	97ac7be1d1b2ada457c30836b4561c0b	2017-06-27 13:13:59	2017-06-27 13:13:59
438	433	1f7bc7768e2226de07d62f836f8d704e	2017-06-27 16:43:38	2017-06-27 16:43:38
437	434	9b8d76a6d4890ea2f43c1ce937b20ec5	2017-06-27 16:33:04	2017-06-27 16:33:04
439	376	6977286a9e2701f79727b8311bf1db77	2017-06-27 19:22:06	2017-06-27 19:22:06
440	375	60723343548e08987a6a5aca01bdf307	2017-06-27 19:30:54	2017-06-27 19:30:54
441	370	8715b632d8bdbc4d1f5f2121bc247976	2017-06-27 19:41:18	2017-06-27 19:41:18
442	367	d058aab039af4da8d9ce2d9d63dace2c	2017-06-27 19:53:46	2017-06-27 19:53:46
443	366	9aee9237811de8214b570ecff29540c6	2017-06-27 19:54:48	2017-06-27 19:54:48
611	587	203fb8d3b466a2354a07d7e875485f09	2017-07-08 21:42:54	2017-07-08 21:42:54
445	360	60723343548e08987a6a5aca01bdf307	2017-06-27 20:14:39	2017-06-27 20:14:39
447	435	60723343548e08987a6a5aca01bdf307	2017-06-27 21:21:19	2017-06-27 21:21:19
448	359	60723343548e08987a6a5aca01bdf307	2017-06-27 21:41:55	2017-06-27 21:41:55
450	437	127e89e3dec48787014c88faf8db7c04	2017-06-27 22:51:15	2017-06-27 22:51:15
451	438	127e89e3dec48787014c88faf8db7c04	2017-06-27 22:57:43	2017-06-27 22:57:43
452	439	d54a9042ec895196aec1f750b67d14b8	2017-06-27 23:11:20	2017-06-27 23:11:20
462	440	e5c3b877684837c3e99ed2c52d3e63e1	2017-06-28 19:00:14	2017-06-28 19:00:14
500	482	41e7d5862b7afdcbf572956111a4541e	2017-07-02 20:35:01	2017-07-02 20:35:01
455	442	c7bb62e91735fad5034418c4a4f04f18	2017-06-28 08:11:15	2017-06-28 08:11:15
456	443	e159ed479021dc9187915c8d31912d6c	2017-06-28 08:18:16	2017-06-28 08:18:16
457	444	4aaf42c239fc26ee9b29e3db3bdcebd2	2017-06-28 08:35:28	2017-06-28 08:35:28
458	445	12852741a175301d31be43af38c7c19f	2017-06-28 16:17:29	2017-06-28 16:17:29
459	446	60723343548e08987a6a5aca01bdf307	2017-06-28 16:21:11	2017-06-28 16:21:11
460	447	b07f4c613fe378608295b508bb646b83	2017-06-28 18:35:39	2017-06-28 18:35:39
463	449	e159ed479021dc9187915c8d31912d6c	2017-06-28 22:04:46	2017-06-28 22:04:46
471	468	88ee632e25c9dda5fad4a71de9d159e4	2017-06-29 22:47:34	2017-06-29 22:47:34
465	453	d5bebf79e6784695940c58979ce43ed7	2017-06-28 23:04:12	2017-06-28 23:04:12
466	454	993928ad59ccad93861e16aa3431432f	2017-06-29 08:52:29	2017-06-29 08:52:29
467	455	82683e10dc74bcd7af79d9b78e99d63b	2017-06-29 13:19:03	2017-06-29 13:19:03
468	456	f38c271523fbde026eebf1992e3b7501	2017-06-29 21:30:31	2017-06-29 21:30:31
469	459	3e818c3d3ab097bf4df625c69a365ff7	2017-06-29 21:50:57	2017-06-29 21:50:57
470	462	7dd473a1d469c51b6e937897d7f39289	2017-06-29 22:08:15	2017-06-29 22:08:15
475	471	a5740d71a1d714c95e8b9f408805e3e2	2017-06-30 08:09:06	2017-06-30 08:09:06
473	469	d7795697077906a170408125017ebd92	2017-06-30 07:33:41	2017-06-30 07:33:41
474	470	f6810e0e6d254262902ca17eba4c15f0	2017-06-30 07:45:28	2017-06-30 07:45:28
476	472	ea079e0a5d7e13366d6f31b5aeec4a1b	2017-06-30 08:11:33	2017-06-30 08:11:33
477	265	60723343548e08987a6a5aca01bdf307	2017-06-30 15:15:48	2017-06-30 15:15:48
478	264	60723343548e08987a6a5aca01bdf307	2017-06-30 15:17:29	2017-06-30 15:17:29
479	263	60723343548e08987a6a5aca01bdf307	2017-06-30 15:22:30	2017-06-30 15:22:30
480	262	60723343548e08987a6a5aca01bdf307	2017-06-30 15:23:26	2017-06-30 15:23:26
481	261	60723343548e08987a6a5aca01bdf307	2017-06-30 15:25:15	2017-06-30 15:25:15
482	258	60723343548e08987a6a5aca01bdf307	2017-06-30 15:33:31	2017-06-30 15:33:31
483	239	60723343548e08987a6a5aca01bdf307	2017-06-30 15:50:28	2017-06-30 15:50:28
486	231	c25aa6a1308b8e6fbe90eeaa0bc3e6c1	2017-06-30 16:03:25	2017-06-30 16:03:25
485	230	60723343548e08987a6a5aca01bdf307	2017-06-30 16:02:36	2017-06-30 16:02:36
487	229	60723343548e08987a6a5aca01bdf307	2017-06-30 16:11:00	2017-06-30 16:11:00
488	226	60723343548e08987a6a5aca01bdf307	2017-06-30 16:17:31	2017-06-30 16:17:31
489	223	60723343548e08987a6a5aca01bdf307	2017-06-30 16:21:12	2017-06-30 16:21:12
490	473	d7795697077906a170408125017ebd92	2017-06-30 17:56:14	2017-06-30 17:56:14
491	474	1c546f9d8648226fdaabfbe9e6f4460c	2017-06-30 18:21:10	2017-06-30 18:21:10
493	146	99aa854255004628a39df5dcdc1f5769	2017-06-30 19:33:22	2017-06-30 19:33:22
494	142	60723343548e08987a6a5aca01bdf307	2017-06-30 19:38:41	2017-06-30 19:38:41
495	104	3e818c3d3ab097bf4df625c69a365ff7	2017-06-30 21:03:36	2017-06-30 21:03:36
496	479	60723343548e08987a6a5aca01bdf307	2017-06-30 22:45:55	2017-06-30 22:45:55
498	481	e159ed479021dc9187915c8d31912d6c	2017-07-01 03:14:23	2017-07-01 03:14:23
499	481	ff96de0deb2bcef995a1e17ee86f33b2	2017-07-01 03:14:23	2017-07-01 03:14:23
501	483	e596e1f81ee39d482011bf8b16b91654	2017-07-02 20:37:44	2017-07-02 20:37:44
502	484	3e6b0493fb231ad4f13c572293fb3a9e	2017-07-02 20:43:03	2017-07-02 20:43:03
503	485	108ba97f59310790ca46974290e92169	2017-07-02 20:44:49	2017-07-02 20:44:49
504	486	60723343548e08987a6a5aca01bdf307	2017-07-02 20:47:06	2017-07-02 20:47:06
505	487	e867e3faf024460ab36a87e05b0eb5ff	2017-07-02 20:52:07	2017-07-02 20:52:07
506	488	dfc925aedff08e1c81db97023f6f5e56	2017-07-02 20:59:30	2017-07-02 20:59:30
507	489	60723343548e08987a6a5aca01bdf307	2017-07-02 21:12:44	2017-07-02 21:12:44
508	490	643a8f0a2d3b44a16b3f91e880bbc471	2017-07-03 07:09:03	2017-07-03 07:09:03
509	491	60723343548e08987a6a5aca01bdf307	2017-07-03 08:36:59	2017-07-03 08:36:59
510	492	60723343548e08987a6a5aca01bdf307	2017-07-03 08:54:06	2017-07-03 08:54:06
511	493	2c10527050642087ae7c4d360220315c	2017-07-03 08:58:32	2017-07-03 08:58:32
513	495	60723343548e08987a6a5aca01bdf307	2017-07-03 17:13:29	2017-07-03 17:13:29
525	507	60723343548e08987a6a5aca01bdf307	2017-07-04 12:36:48	2017-07-04 12:36:48
515	498	124a08e921946ae18db06f730e0b58c9	2017-07-03 17:26:06	2017-07-03 17:26:06
516	499	c2f2128a8004073b7f697e6cae824639	2017-07-04 01:09:43	2017-07-04 01:09:43
517	500	4e815b6e64f74acf34482722b96d77c0	2017-07-04 01:25:48	2017-07-04 01:25:48
518	461	60723343548e08987a6a5aca01bdf307	2017-07-04 07:28:33	2017-07-04 07:28:33
519	501	17ed3ea32219d5a59a1f72b5435b5602	2017-07-04 09:01:17	2017-07-04 09:01:17
520	502	1236c02d459ee9203cdfb1d3a4df0abf	2017-07-04 09:13:21	2017-07-04 09:13:21
521	503	17ed3ea32219d5a59a1f72b5435b5602	2017-07-04 09:38:17	2017-07-04 09:38:17
522	504	60e9e99422d400338e2700ebb70a2e94	2017-07-04 09:47:37	2017-07-04 09:47:37
523	505	7a0ec21d0b81d137cf702249c8651bc8	2017-07-04 09:53:19	2017-07-04 09:53:19
524	506	319ffe1f929b06ac696dc4db579a568f	2017-07-04 10:02:57	2017-07-04 10:02:57
526	508	4380c7559324262f62878d023dcdcb34	2017-07-04 12:48:06	2017-07-04 12:48:06
527	509	124a08e921946ae18db06f730e0b58c9	2017-07-04 14:16:47	2017-07-04 14:16:47
528	510	b07f4c613fe378608295b508bb646b83	2017-07-04 22:08:39	2017-07-04 22:08:39
529	511	379ebfdeb3b7ff4f98f9b4b2f65a2b97	2017-07-04 22:21:55	2017-07-04 22:21:55
530	513	3c6239f4e03f49364163ee71dd043d47	2017-07-04 22:39:36	2017-07-04 22:39:36
531	516	80ff1767fa085d1f52bfffb8d9f53a36	2017-07-04 23:05:40	2017-07-04 23:05:40
532	517	ff96de0deb2bcef995a1e17ee86f33b2	2017-07-05 01:49:36	2017-07-05 01:49:36
533	520	a9c628e59f48c88a78fda59dc779506f	2017-07-05 02:09:53	2017-07-05 02:09:53
534	521	3cbd781a6990e4cf4e6eee8f7238ba9b	2017-07-05 02:17:54	2017-07-05 02:17:54
535	522	4c280bbf5aa98a36694c30b4e1d8f18d	2017-07-05 10:17:57	2017-07-05 10:17:57
536	523	4e815b6e64f74acf34482722b96d77c0	2017-07-05 10:27:38	2017-07-05 10:27:38
537	524	41e7d5862b7afdcbf572956111a4541e	2017-07-05 20:10:25	2017-07-05 20:10:25
538	525	36141c9abfb229759831c77aa9f10911	2017-07-05 20:20:35	2017-07-05 20:20:35
539	526	851bb05a5707a1db2cdf096d63e92fb5	2017-07-05 20:28:33	2017-07-05 20:28:33
540	527	ff96de0deb2bcef995a1e17ee86f33b2	2017-07-05 20:57:17	2017-07-05 20:57:17
541	528	e159ed479021dc9187915c8d31912d6c	2017-07-05 21:34:40	2017-07-05 21:34:40
542	528	902ae3f7958ec440dc906a452884cfca	2017-07-05 21:34:40	2017-07-05 21:34:40
543	529	60723343548e08987a6a5aca01bdf307	2017-07-06 06:47:50	2017-07-06 06:47:50
544	530	60723343548e08987a6a5aca01bdf307	2017-07-06 06:53:36	2017-07-06 06:53:36
545	531	60723343548e08987a6a5aca01bdf307	2017-07-06 06:56:06	2017-07-06 06:56:06
546	532	60723343548e08987a6a5aca01bdf307	2017-07-06 06:59:12	2017-07-06 06:59:12
547	533	60723343548e08987a6a5aca01bdf307	2017-07-06 07:00:08	2017-07-06 07:00:08
548	534	60723343548e08987a6a5aca01bdf307	2017-07-06 07:03:40	2017-07-06 07:03:40
549	535	600ae9f6f868b5f1f28ccabda803d11a	2017-07-06 07:08:42	2017-07-06 07:08:42
551	452	60723343548e08987a6a5aca01bdf307	2017-07-06 14:53:59	2017-07-06 14:53:59
552	537	ff449eb1dd6f9fe42f8b2488ecd30c48	2017-07-07 20:05:25	2017-07-07 20:05:25
553	538	ff449eb1dd6f9fe42f8b2488ecd30c48	2017-07-07 20:09:59	2017-07-07 20:09:59
554	539	ff449eb1dd6f9fe42f8b2488ecd30c48	2017-07-07 20:15:13	2017-07-07 20:15:13
555	540	ff449eb1dd6f9fe42f8b2488ecd30c48	2017-07-07 20:19:20	2017-07-07 20:19:20
556	541	ff449eb1dd6f9fe42f8b2488ecd30c48	2017-07-07 20:29:57	2017-07-07 20:29:57
557	542	ff449eb1dd6f9fe42f8b2488ecd30c48	2017-07-07 20:41:43	2017-07-07 20:41:43
558	543	ff449eb1dd6f9fe42f8b2488ecd30c48	2017-07-07 20:45:55	2017-07-07 20:45:55
559	544	ff449eb1dd6f9fe42f8b2488ecd30c48	2017-07-07 20:57:18	2017-07-07 20:57:18
560	545	ff449eb1dd6f9fe42f8b2488ecd30c48	2017-07-07 21:06:39	2017-07-07 21:06:39
561	546	ff449eb1dd6f9fe42f8b2488ecd30c48	2017-07-07 21:13:15	2017-07-07 21:13:15
562	547	c2ea198a0d1d4229fb4bdb1be263bf66	2017-07-08 07:35:19	2017-07-08 07:35:19
563	548	60723343548e08987a6a5aca01bdf307	2017-07-08 08:48:46	2017-07-08 08:48:46
564	549	60723343548e08987a6a5aca01bdf307	2017-07-08 11:20:39	2017-07-08 11:20:39
565	550	60723343548e08987a6a5aca01bdf307	2017-07-08 14:12:00	2017-07-08 14:12:00
566	551	60723343548e08987a6a5aca01bdf307	2017-07-08 14:26:12	2017-07-08 14:26:12
567	552	60723343548e08987a6a5aca01bdf307	2017-07-08 14:39:26	2017-07-08 14:39:26
568	553	60723343548e08987a6a5aca01bdf307	2017-07-08 14:48:43	2017-07-08 14:48:43
569	554	60723343548e08987a6a5aca01bdf307	2017-07-08 15:01:31	2017-07-08 15:01:31
570	555	60723343548e08987a6a5aca01bdf307	2017-07-08 15:12:20	2017-07-08 15:12:20
571	556	67712a73956856c72e307117b9e9c909	2017-07-08 16:56:50	2017-07-08 16:56:50
572	556	6152abefd9267dc7c9cbff8ce8fdd0d7	2017-07-08 16:56:50	2017-07-08 16:56:50
573	557	67712a73956856c72e307117b9e9c909	2017-07-08 17:00:02	2017-07-08 17:00:02
574	557	6152abefd9267dc7c9cbff8ce8fdd0d7	2017-07-08 17:00:02	2017-07-08 17:00:02
575	558	67712a73956856c72e307117b9e9c909	2017-07-08 17:03:23	2017-07-08 17:03:23
576	558	6152abefd9267dc7c9cbff8ce8fdd0d7	2017-07-08 17:03:23	2017-07-08 17:03:23
577	559	67712a73956856c72e307117b9e9c909	2017-07-08 17:23:26	2017-07-08 17:23:26
578	559	6152abefd9267dc7c9cbff8ce8fdd0d7	2017-07-08 17:23:26	2017-07-08 17:23:26
579	560	67712a73956856c72e307117b9e9c909	2017-07-08 17:28:54	2017-07-08 17:28:54
580	560	6152abefd9267dc7c9cbff8ce8fdd0d7	2017-07-08 17:28:54	2017-07-08 17:28:54
581	561	67712a73956856c72e307117b9e9c909	2017-07-08 17:35:33	2017-07-08 17:35:33
582	561	6152abefd9267dc7c9cbff8ce8fdd0d7	2017-07-08 17:35:33	2017-07-08 17:35:33
583	562	67712a73956856c72e307117b9e9c909	2017-07-08 17:40:10	2017-07-08 17:40:10
584	562	6152abefd9267dc7c9cbff8ce8fdd0d7	2017-07-08 17:40:10	2017-07-08 17:40:10
585	563	67712a73956856c72e307117b9e9c909	2017-07-08 17:44:31	2017-07-08 17:44:31
586	563	6152abefd9267dc7c9cbff8ce8fdd0d7	2017-07-08 17:44:31	2017-07-08 17:44:31
587	564	67712a73956856c72e307117b9e9c909	2017-07-08 17:49:23	2017-07-08 17:49:23
588	564	6152abefd9267dc7c9cbff8ce8fdd0d7	2017-07-08 17:49:23	2017-07-08 17:49:23
589	565	60723343548e08987a6a5aca01bdf307	2017-07-08 19:01:31	2017-07-08 19:01:31
590	566	60723343548e08987a6a5aca01bdf307	2017-07-08 19:06:12	2017-07-08 19:06:12
591	567	60723343548e08987a6a5aca01bdf307	2017-07-08 19:12:38	2017-07-08 19:12:38
592	568	60723343548e08987a6a5aca01bdf307	2017-07-08 19:19:18	2017-07-08 19:19:18
593	569	60723343548e08987a6a5aca01bdf307	2017-07-08 19:24:30	2017-07-08 19:24:30
594	570	60723343548e08987a6a5aca01bdf307	2017-07-08 19:27:41	2017-07-08 19:27:41
595	571	60723343548e08987a6a5aca01bdf307	2017-07-08 19:32:23	2017-07-08 19:32:23
596	572	60723343548e08987a6a5aca01bdf307	2017-07-08 19:35:27	2017-07-08 19:35:27
597	573	60723343548e08987a6a5aca01bdf307	2017-07-08 19:37:54	2017-07-08 19:37:54
598	574	60723343548e08987a6a5aca01bdf307	2017-07-08 19:40:15	2017-07-08 19:40:15
599	575	60723343548e08987a6a5aca01bdf307	2017-07-08 19:48:16	2017-07-08 19:48:16
600	576	60723343548e08987a6a5aca01bdf307	2017-07-08 19:59:36	2017-07-08 19:59:36
601	577	60723343548e08987a6a5aca01bdf307	2017-07-08 20:01:33	2017-07-08 20:01:33
602	578	60723343548e08987a6a5aca01bdf307	2017-07-08 20:05:37	2017-07-08 20:05:37
603	579	60723343548e08987a6a5aca01bdf307	2017-07-08 20:23:08	2017-07-08 20:23:08
604	580	60723343548e08987a6a5aca01bdf307	2017-07-08 20:29:34	2017-07-08 20:29:34
605	581	60723343548e08987a6a5aca01bdf307	2017-07-08 20:33:26	2017-07-08 20:33:26
606	582	203fb8d3b466a2354a07d7e875485f09	2017-07-08 21:19:05	2017-07-08 21:19:05
607	583	203fb8d3b466a2354a07d7e875485f09	2017-07-08 21:21:30	2017-07-08 21:21:30
608	584	203fb8d3b466a2354a07d7e875485f09	2017-07-08 21:24:10	2017-07-08 21:24:10
609	585	203fb8d3b466a2354a07d7e875485f09	2017-07-08 21:28:10	2017-07-08 21:28:10
610	586	203fb8d3b466a2354a07d7e875485f09	2017-07-08 21:33:52	2017-07-08 21:33:52
612	588	203fb8d3b466a2354a07d7e875485f09	2017-07-08 22:01:02	2017-07-08 22:01:02
613	589	203fb8d3b466a2354a07d7e875485f09	2017-07-08 22:03:09	2017-07-08 22:03:09
614	590	203fb8d3b466a2354a07d7e875485f09	2017-07-08 22:05:31	2017-07-08 22:05:31
615	591	203fb8d3b466a2354a07d7e875485f09	2017-07-08 22:08:23	2017-07-08 22:08:23
616	592	203fb8d3b466a2354a07d7e875485f09	2017-07-08 22:12:20	2017-07-08 22:12:20
617	593	203fb8d3b466a2354a07d7e875485f09	2017-07-08 22:14:37	2017-07-08 22:14:37
618	594	ff08a5bca0ab89df70758caa314b8822	2017-07-09 07:59:32	2017-07-09 07:59:32
619	595	8282167b5d37426845c6c124a9c62080	2017-07-09 08:02:17	2017-07-09 08:02:17
620	596	3e818c3d3ab097bf4df625c69a365ff7	2017-07-09 08:10:52	2017-07-09 08:10:52
621	597	3e818c3d3ab097bf4df625c69a365ff7	2017-07-09 08:13:22	2017-07-09 08:13:22
622	598	c25aa6a1308b8e6fbe90eeaa0bc3e6c1	2017-07-09 08:16:41	2017-07-09 08:16:41
623	600	8fbaba077343985b418714add36304c0	2017-07-09 08:36:17	2017-07-09 08:36:17
624	601	e159ed479021dc9187915c8d31912d6c	2017-07-09 08:42:15	2017-07-09 08:42:15
626	603	e159ed479021dc9187915c8d31912d6c	2017-07-10 09:11:34	2017-07-10 09:11:34
627	604	80df4b653e89311a05dcad4231d870b7	2017-07-10 09:40:34	2017-07-10 09:40:34
628	605	80df4b653e89311a05dcad4231d870b7	2017-07-10 09:44:02	2017-07-10 09:44:02
629	606	80df4b653e89311a05dcad4231d870b7	2017-07-10 09:47:58	2017-07-10 09:47:58
630	607	80df4b653e89311a05dcad4231d870b7	2017-07-10 09:52:23	2017-07-10 09:52:23
631	608	80df4b653e89311a05dcad4231d870b7	2017-07-10 09:58:14	2017-07-10 09:58:14
632	609	80df4b653e89311a05dcad4231d870b7	2017-07-10 10:01:14	2017-07-10 10:01:14
633	610	80df4b653e89311a05dcad4231d870b7	2017-07-10 10:12:53	2017-07-10 10:12:53
634	611	80df4b653e89311a05dcad4231d870b7	2017-07-10 10:18:24	2017-07-10 10:18:24
635	612	9d74a4cd97f090d8fe1bec316e9080b5	2017-07-10 10:34:26	2017-07-10 10:34:26
636	612	b6907d988ad124cb0be299cd471041a8	2017-07-10 10:34:26	2017-07-10 10:34:26
637	613	9d74a4cd97f090d8fe1bec316e9080b5	2017-07-10 10:38:13	2017-07-10 10:38:13
638	613	b6907d988ad124cb0be299cd471041a8	2017-07-10 10:38:13	2017-07-10 10:38:13
639	614	9d74a4cd97f090d8fe1bec316e9080b5	2017-07-10 10:40:57	2017-07-10 10:40:57
640	614	b6907d988ad124cb0be299cd471041a8	2017-07-10 10:40:57	2017-07-10 10:40:57
641	615	9d74a4cd97f090d8fe1bec316e9080b5	2017-07-10 10:45:25	2017-07-10 10:45:25
642	615	b6907d988ad124cb0be299cd471041a8	2017-07-10 10:45:25	2017-07-10 10:45:25
643	616	9d74a4cd97f090d8fe1bec316e9080b5	2017-07-10 10:48:01	2017-07-10 10:48:01
644	616	b6907d988ad124cb0be299cd471041a8	2017-07-10 10:48:01	2017-07-10 10:48:01
645	617	9d74a4cd97f090d8fe1bec316e9080b5	2017-07-10 10:53:24	2017-07-10 10:53:24
646	617	b6907d988ad124cb0be299cd471041a8	2017-07-10 10:53:24	2017-07-10 10:53:24
647	618	9d74a4cd97f090d8fe1bec316e9080b5	2017-07-10 10:56:14	2017-07-10 10:56:14
648	618	b6907d988ad124cb0be299cd471041a8	2017-07-10 10:56:14	2017-07-10 10:56:14
649	619	9d74a4cd97f090d8fe1bec316e9080b5	2017-07-10 11:00:05	2017-07-10 11:00:05
650	619	b6907d988ad124cb0be299cd471041a8	2017-07-10 11:00:05	2017-07-10 11:00:05
651	620	9d74a4cd97f090d8fe1bec316e9080b5	2017-07-10 11:03:13	2017-07-10 11:03:13
652	620	b6907d988ad124cb0be299cd471041a8	2017-07-10 11:03:13	2017-07-10 11:03:13
653	621	9d74a4cd97f090d8fe1bec316e9080b5	2017-07-10 11:05:39	2017-07-10 11:05:39
654	621	b6907d988ad124cb0be299cd471041a8	2017-07-10 11:05:39	2017-07-10 11:05:39
655	622	9d74a4cd97f090d8fe1bec316e9080b5	2017-07-10 11:07:54	2017-07-10 11:07:54
656	622	b6907d988ad124cb0be299cd471041a8	2017-07-10 11:07:54	2017-07-10 11:07:54
657	623	8e5d56eb69bd74a2a1c0b4a14dcbaab7	2017-07-10 11:26:15	2017-07-10 11:26:15
658	624	8e5d56eb69bd74a2a1c0b4a14dcbaab7	2017-07-10 11:30:00	2017-07-10 11:30:00
659	625	8e5d56eb69bd74a2a1c0b4a14dcbaab7	2017-07-10 11:33:51	2017-07-10 11:33:51
660	626	8e5d56eb69bd74a2a1c0b4a14dcbaab7	2017-07-10 11:36:54	2017-07-10 11:36:54
661	627	8e5d56eb69bd74a2a1c0b4a14dcbaab7	2017-07-10 11:43:14	2017-07-10 11:43:14
662	628	8e5d56eb69bd74a2a1c0b4a14dcbaab7	2017-07-10 11:46:04	2017-07-10 11:46:04
663	629	8e5d56eb69bd74a2a1c0b4a14dcbaab7	2017-07-10 11:48:43	2017-07-10 11:48:43
664	630	2e780107c1ac67f49ab0a97051659865	2017-07-10 13:20:38	2017-07-10 13:20:38
665	631	cb4a0452413aeaf60b38447eda8138f1	2017-07-10 14:23:04	2017-07-10 14:23:04
666	632	17ed3ea32219d5a59a1f72b5435b5602	2017-07-10 14:25:13	2017-07-10 14:25:13
667	633	60723343548e08987a6a5aca01bdf307	2017-07-10 14:28:48	2017-07-10 14:28:48
668	634	8282167b5d37426845c6c124a9c62080	2017-07-10 14:37:05	2017-07-10 14:37:05
669	635	8282167b5d37426845c6c124a9c62080	2017-07-10 14:40:22	2017-07-10 14:40:22
670	636	8282167b5d37426845c6c124a9c62080	2017-07-10 14:43:44	2017-07-10 14:43:44
671	637	60723343548e08987a6a5aca01bdf307	2017-07-10 14:51:46	2017-07-10 14:51:46
672	638	e596e1f81ee39d482011bf8b16b91654	2017-07-11 09:28:28	2017-07-11 09:28:28
673	639	74cd9bc356519d67dc58e563a69573d4	2017-07-11 12:39:29	2017-07-11 12:39:29
674	640	74cd9bc356519d67dc58e563a69573d4	2017-07-11 12:56:35	2017-07-11 12:56:35
676	641	b8e7ab698b080de0e362a833bf3a7150	2017-07-11 13:13:54	2017-07-11 13:13:54
677	642	74cd9bc356519d67dc58e563a69573d4	2017-07-11 14:46:48	2017-07-11 14:46:48
678	643	d62cc7a2b084b463dfb334d5422d0a1a	2017-07-11 15:59:18	2017-07-11 15:59:18
679	644	74cd9bc356519d67dc58e563a69573d4	2017-07-11 16:17:10	2017-07-11 16:17:10
680	645	b07f4c613fe378608295b508bb646b83	2017-07-11 16:33:11	2017-07-11 16:33:11
681	646	74cd9bc356519d67dc58e563a69573d4	2017-07-12 09:42:30	2017-07-12 09:42:30
682	648	74cd9bc356519d67dc58e563a69573d4	2017-07-12 10:01:46	2017-07-12 10:01:46
683	650	124a08e921946ae18db06f730e0b58c9	2017-07-12 10:08:50	2017-07-12 10:08:50
684	651	74cd9bc356519d67dc58e563a69573d4	2017-07-12 10:11:59	2017-07-12 10:11:59
685	656	e596e1f81ee39d482011bf8b16b91654	2017-07-12 10:25:53	2017-07-12 10:25:53
686	657	e159ed479021dc9187915c8d31912d6c	2017-07-12 10:30:20	2017-07-12 10:30:20
687	658	e159ed479021dc9187915c8d31912d6c	2017-07-12 10:34:01	2017-07-12 10:34:01
688	659	b7549b58943367fc8ba11dd6785bbdd7	2017-07-12 10:38:47	2017-07-12 10:38:47
689	660	74cd9bc356519d67dc58e563a69573d4	2017-07-12 10:54:47	2017-07-12 10:54:47
690	661	74cd9bc356519d67dc58e563a69573d4	2017-07-12 11:19:47	2017-07-12 11:19:47
691	655	74cd9bc356519d67dc58e563a69573d4	2017-07-14 09:09:05	2017-07-14 09:09:05
692	662	3e818c3d3ab097bf4df625c69a365ff7	2017-07-14 12:04:25	2017-07-14 12:04:25
693	663	d058aab039af4da8d9ce2d9d63dace2c	2017-07-14 12:35:17	2017-07-14 12:35:17
694	664	e159ed479021dc9187915c8d31912d6c	2017-07-14 22:25:42	2017-07-14 22:25:42
695	665	e159ed479021dc9187915c8d31912d6c	2017-07-14 22:30:52	2017-07-14 22:30:52
696	666	41e7d5862b7afdcbf572956111a4541e	2017-07-14 22:35:41	2017-07-14 22:35:41
761	742	e2e937ade2465790448c153a516b835b	2017-07-20 08:54:47	2017-07-20 08:54:47
698	669	4babbc97bb97036b4223a042a877efd3	2017-07-14 23:51:58	2017-07-14 23:51:58
699	670	8c41bca7394a65843af1c03f43bbb5e7	2017-07-14 23:56:41	2017-07-14 23:56:41
700	671	1c546f9d8648226fdaabfbe9e6f4460c	2017-07-15 00:00:15	2017-07-15 00:00:15
701	672	7c826e7705c275875bf8c86497ded645	2017-07-15 00:06:56	2017-07-15 00:06:56
702	673	c7bb62e91735fad5034418c4a4f04f18	2017-07-15 00:09:57	2017-07-15 00:09:57
703	674	c25aa6a1308b8e6fbe90eeaa0bc3e6c1	2017-07-15 00:14:13	2017-07-15 00:14:13
704	675	41e7d5862b7afdcbf572956111a4541e	2017-07-15 00:19:09	2017-07-15 00:19:09
705	676	41e7d5862b7afdcbf572956111a4541e	2017-07-15 00:22:34	2017-07-15 00:22:34
706	680	124a08e921946ae18db06f730e0b58c9	2017-07-15 12:10:42	2017-07-15 12:10:42
707	460	60723343548e08987a6a5aca01bdf307	2017-07-15 13:55:11	2017-07-15 13:55:11
708	681	b07f4c613fe378608295b508bb646b83	2017-07-15 21:46:00	2017-07-15 21:46:00
709	682	94f2e5e98221b63b70dfb2661960be19	2017-07-15 21:50:59	2017-07-15 21:50:59
710	683	fed8365c5a136e9ebead2f8b416fe94d	2017-07-15 21:54:19	2017-07-15 21:54:19
711	684	4c280bbf5aa98a36694c30b4e1d8f18d	2017-07-15 22:45:54	2017-07-15 22:45:54
712	685	36141c9abfb229759831c77aa9f10911	2017-07-15 22:52:39	2017-07-15 22:52:39
713	687	902ae3f7958ec440dc906a452884cfca	2017-07-15 23:03:04	2017-07-15 23:03:04
714	688	ea079e0a5d7e13366d6f31b5aeec4a1b	2017-07-15 23:07:17	2017-07-15 23:07:17
715	689	0b0c625f47d24370b89d0c58e510f34f	2017-07-15 23:11:33	2017-07-15 23:11:33
716	694	41e7d5862b7afdcbf572956111a4541e	2017-07-15 23:30:13	2017-07-15 23:30:13
825	806	12852741a175301d31be43af38c7c19f	2017-08-12 18:56:41	2017-08-12 18:56:41
739	720	60723343548e08987a6a5aca01bdf307	2017-07-17 23:02:27	2017-07-17 23:02:27
719	700	7a0ec21d0b81d137cf702249c8651bc8	2017-07-17 21:00:16	2017-07-17 21:00:16
720	701	60723343548e08987a6a5aca01bdf307	2017-07-17 21:10:22	2017-07-17 21:10:22
721	702	2c10527050642087ae7c4d360220315c	2017-07-17 21:13:39	2017-07-17 21:13:39
722	703	43ffa77ec53333b3eed5363b00802993	2017-07-17 21:17:36	2017-07-17 21:17:36
723	704	c25aa6a1308b8e6fbe90eeaa0bc3e6c1	2017-07-17 22:03:40	2017-07-17 22:03:40
724	705	531ea922fc482a928f2dd1bc4d00e2b8	2017-07-17 22:08:20	2017-07-17 22:08:20
725	706	4e815b6e64f74acf34482722b96d77c0	2017-07-17 22:10:14	2017-07-17 22:10:14
726	707	7a0ec21d0b81d137cf702249c8651bc8	2017-07-17 22:14:20	2017-07-17 22:14:20
727	708	18d29ae438664c81491b01d03e764c6a	2017-07-17 22:17:10	2017-07-17 22:17:10
728	709	c25aa6a1308b8e6fbe90eeaa0bc3e6c1	2017-07-17 22:21:14	2017-07-17 22:21:14
729	710	4380c7559324262f62878d023dcdcb34	2017-07-17 22:23:35	2017-07-17 22:23:35
730	711	60723343548e08987a6a5aca01bdf307	2017-07-17 22:27:09	2017-07-17 22:27:09
731	712	2c10527050642087ae7c4d360220315c	2017-07-17 22:31:33	2017-07-17 22:31:33
732	713	6bab056e02a63f0d86b02f1f1da14cc7	2017-07-17 22:33:17	2017-07-17 22:33:17
733	714	517b76526443bf3ff4ee030d1a3a72e4	2017-07-17 22:36:40	2017-07-17 22:36:40
734	715	e052ed5b4562269f7894a53e40046c33	2017-07-17 22:38:59	2017-07-17 22:38:59
735	716	c7bb62e91735fad5034418c4a4f04f18	2017-07-17 22:42:10	2017-07-17 22:42:10
736	717	33719b2bdc60545b8ddae11837120954	2017-07-17 22:50:16	2017-07-17 22:50:16
737	718	60723343548e08987a6a5aca01bdf307	2017-07-17 22:52:34	2017-07-17 22:52:34
738	719	edef46ccffa558722c3d0fee52ce97cc	2017-07-17 22:57:14	2017-07-17 22:57:14
740	721	60723343548e08987a6a5aca01bdf307	2017-07-17 23:09:41	2017-07-17 23:09:41
741	722	c2ea198a0d1d4229fb4bdb1be263bf66	2017-07-17 23:11:44	2017-07-17 23:11:44
742	723	12852741a175301d31be43af38c7c19f	2017-07-17 23:13:53	2017-07-17 23:13:53
743	724	902ae3f7958ec440dc906a452884cfca	2017-07-17 23:46:23	2017-07-17 23:46:23
744	725	e052ed5b4562269f7894a53e40046c33	2017-07-17 23:48:37	2017-07-17 23:48:37
745	726	97ac7be1d1b2ada457c30836b4561c0b	2017-07-17 23:52:33	2017-07-17 23:52:33
746	727	3136afc1285d75fa9a692b4017d87b7a	2017-07-17 23:55:08	2017-07-17 23:55:08
747	728	1f6165d45c8971eac567093e5a0b2012	2017-07-17 23:59:07	2017-07-17 23:59:07
748	729	d7795697077906a170408125017ebd92	2017-07-18 00:01:59	2017-07-18 00:01:59
749	730	031209db15ec21ddea51c10726af6db2	2017-07-18 00:08:41	2017-07-18 00:08:41
750	731	60723343548e08987a6a5aca01bdf307	2017-07-18 00:12:15	2017-07-18 00:12:15
751	732	17ed3ea32219d5a59a1f72b5435b5602	2017-07-18 00:14:32	2017-07-18 00:14:32
752	733	23b1c29f663eea2566f190c37ee50446	2017-07-18 09:35:23	2017-07-18 09:35:23
753	734	23b1c29f663eea2566f190c37ee50446	2017-07-18 09:41:58	2017-07-18 09:41:58
754	735	23b1c29f663eea2566f190c37ee50446	2017-07-18 09:53:38	2017-07-18 09:53:38
755	736	23b1c29f663eea2566f190c37ee50446	2017-07-18 10:11:08	2017-07-18 10:11:08
756	737	23b1c29f663eea2566f190c37ee50446	2017-07-18 10:14:59	2017-07-18 10:14:59
757	738	23b1c29f663eea2566f190c37ee50446	2017-07-18 10:22:01	2017-07-18 10:22:01
758	739	23b1c29f663eea2566f190c37ee50446	2017-07-18 10:26:43	2017-07-18 10:26:43
759	740	23b1c29f663eea2566f190c37ee50446	2017-07-18 10:29:51	2017-07-18 10:29:51
760	741	23b1c29f663eea2566f190c37ee50446	2017-07-18 10:42:50	2017-07-18 10:42:50
763	743	02703c2f60ce536fbaa027513049cc33	2017-07-22 14:22:41	2017-07-22 14:22:41
764	744	ff96de0deb2bcef995a1e17ee86f33b2	2017-07-22 16:10:54	2017-07-22 16:10:54
765	745	60723343548e08987a6a5aca01bdf307	2017-07-22 16:19:32	2017-07-22 16:19:32
766	746	ff96de0deb2bcef995a1e17ee86f33b2	2017-07-22 16:23:04	2017-07-22 16:23:04
767	747	c908282102b98dfb160c85c540963f57	2017-07-22 16:25:41	2017-07-22 16:25:41
768	748	60723343548e08987a6a5aca01bdf307	2017-07-22 16:27:29	2017-07-22 16:27:29
769	749	60723343548e08987a6a5aca01bdf307	2017-07-22 16:36:03	2017-07-22 16:36:03
770	750	ff96de0deb2bcef995a1e17ee86f33b2	2017-07-22 16:55:00	2017-07-22 16:55:00
771	751	60723343548e08987a6a5aca01bdf307	2017-07-22 16:56:57	2017-07-22 16:56:57
772	752	60723343548e08987a6a5aca01bdf307	2017-07-22 16:59:15	2017-07-22 16:59:15
773	753	e0ed0290b4ff466587ddcaed9b2b511b	2017-07-22 17:00:49	2017-07-22 17:00:49
774	754	60723343548e08987a6a5aca01bdf307	2017-07-22 17:03:04	2017-07-22 17:03:04
775	755	124a08e921946ae18db06f730e0b58c9	2017-07-22 17:05:04	2017-07-22 17:05:04
776	756	60723343548e08987a6a5aca01bdf307	2017-07-24 22:55:37	2017-07-24 22:55:37
777	757	8282167b5d37426845c6c124a9c62080	2017-07-26 09:36:51	2017-07-26 09:36:51
778	758	c25aa6a1308b8e6fbe90eeaa0bc3e6c1	2017-07-26 09:52:39	2017-07-26 09:52:39
779	759	62f2b758a744f50c071f8577585115ea	2017-07-26 10:12:10	2017-07-26 10:12:10
780	760	124a08e921946ae18db06f730e0b58c9	2017-07-26 10:28:33	2017-07-26 10:28:33
781	451	60723343548e08987a6a5aca01bdf307	2017-07-26 13:57:53	2017-07-26 13:57:53
782	761	d62cc7a2b084b463dfb334d5422d0a1a	2017-07-27 09:09:30	2017-07-27 09:09:30
783	762	c25aa6a1308b8e6fbe90eeaa0bc3e6c1	2017-07-27 09:16:00	2017-07-27 09:16:00
784	763	379ebfdeb3b7ff4f98f9b4b2f65a2b97	2017-07-27 09:35:14	2017-07-27 09:35:14
785	764	3cee19b4ff8b01a8fff29fe0143eb0c8	2017-07-27 19:31:22	2017-07-27 19:31:22
786	765	4c976134bb38786f936b569c06ecff4c	2017-07-27 19:50:56	2017-07-27 19:50:56
787	766	ff96de0deb2bcef995a1e17ee86f33b2	2017-07-27 19:55:34	2017-07-27 19:55:34
788	767	60723343548e08987a6a5aca01bdf307	2017-08-01 15:04:35	2017-08-01 15:04:35
789	768	60723343548e08987a6a5aca01bdf307	2017-08-01 17:42:58	2017-08-01 17:42:58
790	769	60723343548e08987a6a5aca01bdf307	2017-08-01 17:45:41	2017-08-01 17:45:41
791	770	60723343548e08987a6a5aca01bdf307	2017-08-01 17:47:51	2017-08-01 17:47:51
792	771	60723343548e08987a6a5aca01bdf307	2017-08-01 17:51:55	2017-08-01 17:51:55
793	773	60723343548e08987a6a5aca01bdf307	2017-08-01 17:56:24	2017-08-01 17:56:24
794	774	60723343548e08987a6a5aca01bdf307	2017-08-01 18:01:06	2017-08-01 18:01:06
795	775	60723343548e08987a6a5aca01bdf307	2017-08-01 18:06:21	2017-08-01 18:06:21
796	776	60723343548e08987a6a5aca01bdf307	2017-08-01 18:10:46	2017-08-01 18:10:46
797	777	60723343548e08987a6a5aca01bdf307	2017-08-01 18:21:15	2017-08-01 18:21:15
798	778	60723343548e08987a6a5aca01bdf307	2017-08-01 18:25:56	2017-08-01 18:25:56
799	779	60723343548e08987a6a5aca01bdf307	2017-08-01 18:28:59	2017-08-01 18:28:59
800	780	60723343548e08987a6a5aca01bdf307	2017-08-01 18:32:14	2017-08-01 18:32:14
801	781	60723343548e08987a6a5aca01bdf307	2017-08-01 18:34:40	2017-08-01 18:34:40
802	782	60723343548e08987a6a5aca01bdf307	2017-08-01 18:36:12	2017-08-01 18:36:12
803	783	60723343548e08987a6a5aca01bdf307	2017-08-01 18:38:41	2017-08-01 18:38:41
804	784	754c06b2ea933f7524935b88fb1f5502	2017-08-06 20:42:37	2017-08-06 20:42:37
805	786	60723343548e08987a6a5aca01bdf307	2017-08-08 13:52:40	2017-08-08 13:52:40
806	787	60723343548e08987a6a5aca01bdf307	2017-08-08 13:55:43	2017-08-08 13:55:43
807	788	60723343548e08987a6a5aca01bdf307	2017-08-08 14:00:52	2017-08-08 14:00:52
809	790	60723343548e08987a6a5aca01bdf307	2017-08-08 14:25:26	2017-08-08 14:25:26
810	791	60723343548e08987a6a5aca01bdf307	2017-08-08 14:26:38	2017-08-08 14:26:38
811	792	60723343548e08987a6a5aca01bdf307	2017-08-08 14:28:34	2017-08-08 14:28:34
812	793	60723343548e08987a6a5aca01bdf307	2017-08-08 14:33:34	2017-08-08 14:33:34
813	794	60723343548e08987a6a5aca01bdf307	2017-08-08 14:36:24	2017-08-08 14:36:24
814	795	60723343548e08987a6a5aca01bdf307	2017-08-08 14:38:59	2017-08-08 14:38:59
815	796	60723343548e08987a6a5aca01bdf307	2017-08-08 14:43:44	2017-08-08 14:43:44
816	797	60723343548e08987a6a5aca01bdf307	2017-08-08 14:48:53	2017-08-08 14:48:53
817	798	60723343548e08987a6a5aca01bdf307	2017-08-08 14:54:40	2017-08-08 14:54:40
818	799	60723343548e08987a6a5aca01bdf307	2017-08-08 15:01:58	2017-08-08 15:01:58
819	800	60723343548e08987a6a5aca01bdf307	2017-08-08 15:10:50	2017-08-08 15:10:50
820	801	60723343548e08987a6a5aca01bdf307	2017-08-08 15:12:31	2017-08-08 15:12:31
821	802	60723343548e08987a6a5aca01bdf307	2017-08-08 15:13:44	2017-08-08 15:13:44
822	803	60723343548e08987a6a5aca01bdf307	2017-08-08 15:22:59	2017-08-08 15:22:59
823	804	60723343548e08987a6a5aca01bdf307	2017-08-08 15:24:51	2017-08-08 15:24:51
824	805	270cfdf8779819ad130dcdf559ee8c22	2017-08-11 13:15:16	2017-08-11 13:15:16
826	807	ff88f994e47f0839267c127c974aea59	2017-08-12 18:57:59	2017-08-12 18:57:59
827	808	442a20a75d6248979644e06c229cab4d	2017-08-12 19:10:04	2017-08-12 19:10:04
828	809	94e017aa0b4ee31798b0756c455814ba	2017-08-12 19:20:20	2017-08-12 19:20:20
829	810	902ae3f7958ec440dc906a452884cfca	2017-08-12 19:28:59	2017-08-12 19:28:59
830	810	fc27a073b28bd144c1c48c239326a485	2017-08-12 19:28:59	2017-08-12 19:28:59
831	811	8c7e13577612ae3b144b0c6edc6c1bbd	2017-08-12 19:45:00	2017-08-12 19:45:00
832	812	60723343548e08987a6a5aca01bdf307	2017-08-12 19:59:50	2017-08-12 19:59:50
833	813	60723343548e08987a6a5aca01bdf307	2017-08-12 20:02:40	2017-08-12 20:02:40
834	814	5923f3b2088c61c231bbfaa7f5e8ac7c	2017-08-12 20:12:10	2017-08-12 20:12:10
835	815	c88a1ca5bbddf8c676132c1b1e0fde2b	2017-08-12 20:21:05	2017-08-12 20:21:05
836	816	12852741a175301d31be43af38c7c19f	2017-08-12 21:21:55	2017-08-12 21:21:55
837	817	0c3efca02ab546fd544a5dd625098de8	2017-08-12 21:38:07	2017-08-12 21:38:07
838	818	60723343548e08987a6a5aca01bdf307	2017-08-12 21:46:14	2017-08-12 21:46:14
839	819	600ae9f6f868b5f1f28ccabda803d11a	2017-08-12 21:52:19	2017-08-12 21:52:19
840	821	206c0b9724d8df8a4a06e9d690d560c9	2017-08-13 07:18:44	2017-08-13 07:18:44
841	822	e159ed479021dc9187915c8d31912d6c	2017-08-13 07:22:10	2017-08-13 07:22:10
842	823	2fa380058bb97188f982b640ef1f5079	2017-08-13 07:24:20	2017-08-13 07:24:20
843	824	77b5da302c203fad6791f5e454534b45	2017-08-13 07:27:23	2017-08-13 07:27:23
844	826	ea079e0a5d7e13366d6f31b5aeec4a1b	2017-08-14 12:17:58	2017-08-14 12:17:58
845	827	e4754d59e8a38c9d87e4a74404c32bb2	2017-08-14 12:20:31	2017-08-14 12:20:31
846	828	82683e10dc74bcd7af79d9b78e99d63b	2017-08-14 12:21:55	2017-08-14 12:21:55
847	829	aa9530779e3b3d8d3e54bdb157157bbe	2017-08-14 12:24:23	2017-08-14 12:24:23
848	830	f80e849ec3770b68f2e403c09e13700b	2017-08-14 12:26:14	2017-08-14 12:26:14
849	831	ea079e0a5d7e13366d6f31b5aeec4a1b	2017-08-14 12:28:05	2017-08-14 12:28:05
850	832	41e7d5862b7afdcbf572956111a4541e	2017-08-14 12:30:06	2017-08-14 12:30:06
851	833	7a0ec21d0b81d137cf702249c8651bc8	2017-08-14 12:33:39	2017-08-14 12:33:39
852	834	e2e937ade2465790448c153a516b835b	2017-08-14 12:35:21	2017-08-14 12:35:21
853	835	ff96de0deb2bcef995a1e17ee86f33b2	2017-08-14 12:36:48	2017-08-14 12:36:48
854	836	6bab056e02a63f0d86b02f1f1da14cc7	2017-08-14 12:39:38	2017-08-14 12:39:38
855	837	329e9a8b151b1afc368b63114eea8e47	2017-08-14 12:43:54	2017-08-14 12:43:54
856	838	60723343548e08987a6a5aca01bdf307	2017-08-14 12:46:03	2017-08-14 12:46:03
857	839	60723343548e08987a6a5aca01bdf307	2017-08-14 12:51:14	2017-08-14 12:51:14
858	840	b07f4c613fe378608295b508bb646b83	2017-08-14 12:53:56	2017-08-14 12:53:56
859	841	60723343548e08987a6a5aca01bdf307	2017-08-14 12:55:12	2017-08-14 12:55:12
860	842	ff96de0deb2bcef995a1e17ee86f33b2	2017-08-14 12:56:36	2017-08-14 12:56:36
861	843	94f2e5e98221b63b70dfb2661960be19	2017-08-14 12:57:51	2017-08-14 12:57:51
862	844	b8b8cc9e7a1b7b68f081e8598c23a884	2017-08-14 12:58:54	2017-08-14 12:58:54
863	845	108ba97f59310790ca46974290e92169	2017-08-14 13:00:56	2017-08-14 13:00:56
864	846	329e9a8b151b1afc368b63114eea8e47	2017-08-14 13:02:37	2017-08-14 13:02:37
865	847	60723343548e08987a6a5aca01bdf307	2017-08-14 13:04:28	2017-08-14 13:04:28
866	848	c2ea198a0d1d4229fb4bdb1be263bf66	2017-08-14 13:05:35	2017-08-14 13:05:35
867	849	3174b9b8e5d55a40c2747a0c8713c3d1	2017-08-14 13:06:48	2017-08-14 13:06:48
868	850	60723343548e08987a6a5aca01bdf307	2017-08-14 13:08:12	2017-08-14 13:08:12
869	851	993928ad59ccad93861e16aa3431432f	2017-08-14 13:11:52	2017-08-14 13:11:52
870	852	60723343548e08987a6a5aca01bdf307	2017-08-14 13:13:36	2017-08-14 13:13:36
871	854	60723343548e08987a6a5aca01bdf307	2017-08-14 13:16:33	2017-08-14 13:16:33
872	855	db25c061d258ce1177d82c96959f128c	2017-08-14 13:18:06	2017-08-14 13:18:06
873	856	60723343548e08987a6a5aca01bdf307	2017-08-14 13:19:09	2017-08-14 13:19:09
874	857	e1cf691a2f1a3bf1b0f2eead641ac444	2017-08-21 11:29:16	2017-08-21 11:29:16
875	858	c25aa6a1308b8e6fbe90eeaa0bc3e6c1	2017-08-23 08:31:55	2017-08-23 08:31:55
876	859	7fa66da830e8e14226ede686aa8813b5	2017-08-23 08:38:21	2017-08-23 08:38:21
877	860	d62cc7a2b084b463dfb334d5422d0a1a	2017-08-23 08:42:20	2017-08-23 08:42:20
878	861	e596e1f81ee39d482011bf8b16b91654	2017-08-23 08:46:37	2017-08-23 08:46:37
879	862	851bb05a5707a1db2cdf096d63e92fb5	2017-08-23 08:52:40	2017-08-23 08:52:40
880	863	e6078a887cdcad1b5d4e554411c32d8f	2017-08-23 09:03:45	2017-08-23 09:03:45
881	864	12852741a175301d31be43af38c7c19f	2017-09-13 12:40:08	2017-09-13 12:40:08
882	865	60723343548e08987a6a5aca01bdf307	2017-09-17 09:07:32	2017-09-17 09:07:32
883	867	60723343548e08987a6a5aca01bdf307	2017-09-17 09:28:06	2017-09-17 09:28:06
884	868	60723343548e08987a6a5aca01bdf307	2017-09-17 09:30:04	2017-09-17 09:30:04
885	869	60723343548e08987a6a5aca01bdf307	2017-09-17 09:31:56	2017-09-17 09:31:56
886	870	60723343548e08987a6a5aca01bdf307	2017-09-17 09:34:09	2017-09-17 09:34:09
887	871	60723343548e08987a6a5aca01bdf307	2017-09-17 09:35:16	2017-09-17 09:35:16
888	872	60723343548e08987a6a5aca01bdf307	2017-09-17 09:36:30	2017-09-17 09:36:30
889	873	60723343548e08987a6a5aca01bdf307	2017-09-17 09:37:33	2017-09-17 09:37:33
890	874	60723343548e08987a6a5aca01bdf307	2017-09-17 09:38:27	2017-09-17 09:38:27
891	875	60723343548e08987a6a5aca01bdf307	2017-09-17 09:39:41	2017-09-17 09:39:41
892	876	60723343548e08987a6a5aca01bdf307	2017-09-17 09:49:25	2017-09-17 09:49:25
893	877	60723343548e08987a6a5aca01bdf307	2017-09-17 09:52:06	2017-09-17 09:52:06
894	878	60723343548e08987a6a5aca01bdf307	2017-09-17 09:54:36	2017-09-17 09:54:36
895	879	60723343548e08987a6a5aca01bdf307	2017-09-17 09:56:16	2017-09-17 09:56:16
896	880	60723343548e08987a6a5aca01bdf307	2017-09-17 09:57:07	2017-09-17 09:57:07
897	881	60723343548e08987a6a5aca01bdf307	2017-09-17 09:58:57	2017-09-17 09:58:57
898	882	60723343548e08987a6a5aca01bdf307	2017-09-17 09:59:50	2017-09-17 09:59:50
899	883	60723343548e08987a6a5aca01bdf307	2017-09-17 10:02:56	2017-09-17 10:02:56
900	884	60723343548e08987a6a5aca01bdf307	2017-09-17 10:04:32	2017-09-17 10:04:32
901	885	60723343548e08987a6a5aca01bdf307	2017-09-17 10:07:25	2017-09-17 10:07:25
902	886	60723343548e08987a6a5aca01bdf307	2017-09-17 10:08:30	2017-09-17 10:08:30
903	887	60723343548e08987a6a5aca01bdf307	2017-09-17 10:10:34	2017-09-17 10:10:34
904	888	60723343548e08987a6a5aca01bdf307	2017-09-17 10:20:07	2017-09-17 10:20:07
905	889	60723343548e08987a6a5aca01bdf307	2017-09-17 10:23:42	2017-09-17 10:23:42
906	890	60723343548e08987a6a5aca01bdf307	2017-09-17 10:25:45	2017-09-17 10:25:45
907	891	60723343548e08987a6a5aca01bdf307	2017-09-17 10:26:37	2017-09-17 10:26:37
908	892	e159ed479021dc9187915c8d31912d6c	2017-09-17 10:28:23	2017-09-17 10:28:23
909	893	60723343548e08987a6a5aca01bdf307	2017-09-17 10:30:44	2017-09-17 10:30:44
910	894	60723343548e08987a6a5aca01bdf307	2017-09-17 10:31:41	2017-09-17 10:31:41
911	895	f6810e0e6d254262902ca17eba4c15f0	2017-09-17 22:20:38	2017-09-17 22:20:38
912	896	40dd1e8dc8dac8e8306cebbb9d57d09e	2017-09-17 22:26:25	2017-09-17 22:26:25
913	897	60723343548e08987a6a5aca01bdf307	2017-09-17 22:34:47	2017-09-17 22:34:47
914	898	124a08e921946ae18db06f730e0b58c9	2017-09-17 22:47:00	2017-09-17 22:47:00
915	899	2c10527050642087ae7c4d360220315c	2017-09-17 22:49:05	2017-09-17 22:49:05
916	900	8a22b4a89fb9c30bcc4d9a4d9a192990	2017-09-17 22:52:05	2017-09-17 22:52:05
917	901	60723343548e08987a6a5aca01bdf307	2017-09-18 12:36:35	2017-09-18 12:36:35
918	902	d62cc7a2b084b463dfb334d5422d0a1a	2017-09-18 12:38:24	2017-09-18 12:38:24
919	903	74cd9bc356519d67dc58e563a69573d4	2017-09-18 12:39:58	2017-09-18 12:39:58
920	904	d058aab039af4da8d9ce2d9d63dace2c	2017-09-18 12:41:39	2017-09-18 12:41:39
921	905	60723343548e08987a6a5aca01bdf307	2017-09-18 12:43:27	2017-09-18 12:43:27
922	906	124a08e921946ae18db06f730e0b58c9	2017-09-18 12:45:09	2017-09-18 12:45:09
923	907	60723343548e08987a6a5aca01bdf307	2017-09-18 12:45:58	2017-09-18 12:45:58
924	908	60723343548e08987a6a5aca01bdf307	2017-09-18 12:47:25	2017-09-18 12:47:25
925	909	74cd9bc356519d67dc58e563a69573d4	2017-09-18 12:48:10	2017-09-18 12:48:10
926	910	fed8365c5a136e9ebead2f8b416fe94d	2017-09-18 12:50:19	2017-09-18 12:50:19
927	911	fed8365c5a136e9ebead2f8b416fe94d	2017-09-18 12:51:39	2017-09-18 12:51:39
928	913	12852741a175301d31be43af38c7c19f	2017-09-18 12:53:21	2017-09-18 12:53:21
929	914	60723343548e08987a6a5aca01bdf307	2017-09-18 13:12:27	2017-09-18 13:12:27
930	915	d54a9042ec895196aec1f750b67d14b8	2017-09-18 13:14:57	2017-09-18 13:14:57
931	916	600ae9f6f868b5f1f28ccabda803d11a	2017-09-18 13:30:11	2017-09-18 13:30:11
932	917	8c7e13577612ae3b144b0c6edc6c1bbd	2017-09-18 13:31:10	2017-09-18 13:31:10
933	918	cb4a0452413aeaf60b38447eda8138f1	2017-09-18 13:32:03	2017-09-18 13:32:03
934	919	9aee9237811de8214b570ecff29540c6	2017-09-18 13:36:38	2017-09-18 13:36:38
935	920	e596e1f81ee39d482011bf8b16b91654	2017-09-18 13:38:48	2017-09-18 13:38:48
936	921	60723343548e08987a6a5aca01bdf307	2017-09-18 14:58:54	2017-09-18 14:58:54
937	922	60723343548e08987a6a5aca01bdf307	2017-09-18 15:04:18	2017-09-18 15:04:18
938	923	1c546f9d8648226fdaabfbe9e6f4460c	2017-09-18 15:05:43	2017-09-18 15:05:43
939	924	2e661ad2600cedfc2290f86c277ffa5b	2017-09-18 15:07:02	2017-09-18 15:07:02
940	925	4b81dee58d2d6ab4887766ec18537739	2017-09-18 15:08:34	2017-09-18 15:08:34
941	926	4b81dee58d2d6ab4887766ec18537739	2017-09-18 15:11:00	2017-09-18 15:11:00
942	927	fed8365c5a136e9ebead2f8b416fe94d	2017-09-18 15:13:15	2017-09-18 15:13:15
943	928	e596e1f81ee39d482011bf8b16b91654	2017-09-18 15:14:09	2017-09-18 15:14:09
944	929	8c7e13577612ae3b144b0c6edc6c1bbd	2017-09-18 15:15:28	2017-09-18 15:15:28
945	930	12852741a175301d31be43af38c7c19f	2017-09-18 15:18:24	2017-09-18 15:18:24
946	931	60723343548e08987a6a5aca01bdf307	2017-09-18 15:23:13	2017-09-18 15:23:13
947	932	e596e1f81ee39d482011bf8b16b91654	2017-09-18 15:35:33	2017-09-18 15:35:33
948	933	e596e1f81ee39d482011bf8b16b91654	2017-09-18 15:36:32	2017-09-18 15:36:32
949	934	124a08e921946ae18db06f730e0b58c9	2017-09-18 15:39:01	2017-09-18 15:39:01
950	935	74cd9bc356519d67dc58e563a69573d4	2017-09-18 15:40:43	2017-09-18 15:40:43
951	936	fc27a073b28bd144c1c48c239326a485	2017-09-18 15:41:29	2017-09-18 15:41:29
952	937	60723343548e08987a6a5aca01bdf307	2017-09-18 15:42:44	2017-09-18 15:42:44
953	938	60723343548e08987a6a5aca01bdf307	2017-09-18 15:48:36	2017-09-18 15:48:36
954	939	9aee9237811de8214b570ecff29540c6	2017-09-18 15:49:58	2017-09-18 15:49:58
955	940	a3c9ea050d5cbb5592d1461d1bb2ee92	2017-09-18 15:51:28	2017-09-18 15:51:28
956	941	1c546f9d8648226fdaabfbe9e6f4460c	2017-09-18 15:53:49	2017-09-18 15:53:49
957	942	c25aa6a1308b8e6fbe90eeaa0bc3e6c1	2017-09-18 15:59:41	2017-09-18 15:59:41
958	943	60723343548e08987a6a5aca01bdf307	2017-09-18 16:01:10	2017-09-18 16:01:10
959	944	8c7e13577612ae3b144b0c6edc6c1bbd	2017-09-18 16:09:55	2017-09-18 16:09:55
960	945	9aee9237811de8214b570ecff29540c6	2017-09-18 16:15:31	2017-09-18 16:15:31
961	946	60723343548e08987a6a5aca01bdf307	2017-09-18 16:22:06	2017-09-18 16:22:06
962	947	12852741a175301d31be43af38c7c19f	2017-09-18 16:25:41	2017-09-18 16:25:41
963	948	77b5da302c203fad6791f5e454534b45	2017-09-18 16:29:38	2017-09-18 16:29:38
964	948	e4754d59e8a38c9d87e4a74404c32bb2	2017-09-18 16:29:38	2017-09-18 16:29:38
965	949	74cd9bc356519d67dc58e563a69573d4	2017-09-18 16:30:40	2017-09-18 16:30:40
966	950	0b0c625f47d24370b89d0c58e510f34f	2017-09-18 16:32:24	2017-09-18 16:32:24
967	951	8282167b5d37426845c6c124a9c62080	2017-09-18 16:34:30	2017-09-18 16:34:30
968	952	8282167b5d37426845c6c124a9c62080	2017-09-18 16:35:19	2017-09-18 16:35:19
969	953	60723343548e08987a6a5aca01bdf307	2017-09-18 16:49:57	2017-09-18 16:49:57
970	954	12852741a175301d31be43af38c7c19f	2017-09-18 16:54:18	2017-09-18 16:54:18
971	956	12852741a175301d31be43af38c7c19f	2017-09-18 17:01:32	2017-09-18 17:01:32
972	957	60723343548e08987a6a5aca01bdf307	2017-09-18 17:02:55	2017-09-18 17:02:55
973	958	fc27a073b28bd144c1c48c239326a485	2017-09-19 13:48:26	2017-09-19 13:48:26
974	959	60723343548e08987a6a5aca01bdf307	2017-09-19 13:54:54	2017-09-19 13:54:54
975	960	8282167b5d37426845c6c124a9c62080	2017-09-19 13:58:32	2017-09-19 13:58:32
976	961	60723343548e08987a6a5aca01bdf307	2017-09-19 14:15:26	2017-09-19 14:15:26
977	962	60723343548e08987a6a5aca01bdf307	2017-09-19 14:17:39	2017-09-19 14:17:39
978	963	12852741a175301d31be43af38c7c19f	2017-09-19 14:19:49	2017-09-19 14:19:49
979	964	d62cc7a2b084b463dfb334d5422d0a1a	2017-09-19 14:21:28	2017-09-19 14:21:28
980	965	60723343548e08987a6a5aca01bdf307	2017-09-19 14:22:53	2017-09-19 14:22:53
981	966	60723343548e08987a6a5aca01bdf307	2017-09-19 14:23:39	2017-09-19 14:23:39
982	967	643a8f0a2d3b44a16b3f91e880bbc471	2017-09-19 14:24:30	2017-09-19 14:24:30
983	968	60723343548e08987a6a5aca01bdf307	2017-09-19 14:26:05	2017-09-19 14:26:05
984	969	60723343548e08987a6a5aca01bdf307	2017-09-19 14:26:41	2017-09-19 14:26:41
985	970	60723343548e08987a6a5aca01bdf307	2017-09-19 14:27:27	2017-09-19 14:27:27
986	971	e596e1f81ee39d482011bf8b16b91654	2017-09-19 14:29:10	2017-09-19 14:29:10
987	972	60723343548e08987a6a5aca01bdf307	2017-09-19 14:31:31	2017-09-19 14:31:31
988	973	124a08e921946ae18db06f730e0b58c9	2017-09-19 14:33:19	2017-09-19 14:33:19
989	974	60723343548e08987a6a5aca01bdf307	2017-09-19 14:34:55	2017-09-19 14:34:55
990	975	74cd9bc356519d67dc58e563a69573d4	2017-09-19 14:36:35	2017-09-19 14:36:35
991	976	851bb05a5707a1db2cdf096d63e92fb5	2017-09-19 14:37:22	2017-09-19 14:37:22
992	978	74cd9bc356519d67dc58e563a69573d4	2017-09-19 14:39:18	2017-09-19 14:39:18
993	979	e5c3b877684837c3e99ed2c52d3e63e1	2017-09-19 14:41:02	2017-09-19 14:41:02
994	980	12852741a175301d31be43af38c7c19f	2017-09-19 14:42:11	2017-09-19 14:42:11
995	981	74cd9bc356519d67dc58e563a69573d4	2017-09-19 14:46:56	2017-09-19 14:46:56
996	982	74cd9bc356519d67dc58e563a69573d4	2017-09-19 14:48:36	2017-09-19 14:48:36
997	983	60723343548e08987a6a5aca01bdf307	2017-09-19 14:51:05	2017-09-19 14:51:05
998	984	12852741a175301d31be43af38c7c19f	2017-09-19 14:52:18	2017-09-19 14:52:18
999	985	60723343548e08987a6a5aca01bdf307	2017-09-19 14:53:45	2017-09-19 14:53:45
1000	986	60723343548e08987a6a5aca01bdf307	2017-09-19 14:54:32	2017-09-19 14:54:32
1001	987	12852741a175301d31be43af38c7c19f	2017-09-19 14:56:00	2017-09-19 14:56:00
1002	988	60723343548e08987a6a5aca01bdf307	2017-09-19 15:01:12	2017-09-19 15:01:12
1003	989	74cf0e98062fcbef0f750c95689bc63c	2017-09-19 16:03:07	2017-09-19 16:03:07
1004	990	2c10527050642087ae7c4d360220315c	2017-09-19 16:06:01	2017-09-19 16:06:01
1005	991	7a0ec21d0b81d137cf702249c8651bc8	2017-09-20 17:20:57	2017-09-20 17:20:57
1006	992	82683e10dc74bcd7af79d9b78e99d63b	2017-09-20 17:23:08	2017-09-20 17:23:08
1007	993	bdb2b4acb43e82feb968dab5f41a3a1a	2017-09-20 17:25:04	2017-09-20 17:25:04
1008	994	60723343548e08987a6a5aca01bdf307	2017-09-20 17:27:05	2017-09-20 17:27:05
1009	995	60723343548e08987a6a5aca01bdf307	2017-09-20 17:30:37	2017-09-20 17:30:37
1010	996	ea079e0a5d7e13366d6f31b5aeec4a1b	2017-09-20 17:33:15	2017-09-20 17:33:15
1011	997	e08d5b0b38aeba9745d1ba1ca92ebb73	2017-09-22 05:34:03	2017-09-22 05:34:03
1012	999	12852741a175301d31be43af38c7c19f	2017-10-01 12:59:56	2017-10-01 12:59:56
1013	1000	85251d9f8fc0e07073572d65b026817a	2017-10-02 08:36:34	2017-10-02 08:36:34
1014	1001	12852741a175301d31be43af38c7c19f	2017-10-06 11:29:25	2017-10-06 11:29:25
1015	1002	7fa66da830e8e14226ede686aa8813b5	2017-10-08 07:30:47	2017-10-08 07:30:47
1016	1006	d54a9042ec895196aec1f750b67d14b8	2017-10-12 11:40:06	2017-10-12 11:40:06
1017	1007	3e818c3d3ab097bf4df625c69a365ff7	2017-10-13 16:41:12	2017-10-13 16:41:12
1018	1009	329e9a8b151b1afc368b63114eea8e47	2017-10-13 16:48:45	2017-10-13 16:48:45
1019	1010	60723343548e08987a6a5aca01bdf307	2017-10-13 16:52:59	2017-10-13 16:52:59
1021	1012	a527796f0c860d6005ea91595029603e	2017-10-16 17:45:34	2017-10-16 17:45:34
1022	1015	e159ed479021dc9187915c8d31912d6c	2017-10-17 10:00:08	2017-10-17 10:00:08
1023	1016	e159ed479021dc9187915c8d31912d6c	2017-10-17 10:01:29	2017-10-17 10:01:29
1024	1017	e159ed479021dc9187915c8d31912d6c	2017-10-17 10:02:33	2017-10-17 10:02:33
1025	1018	e159ed479021dc9187915c8d31912d6c	2017-10-17 10:04:01	2017-10-17 10:04:01
1026	1019	e159ed479021dc9187915c8d31912d6c	2017-10-17 10:05:13	2017-10-17 10:05:13
1027	1020	e159ed479021dc9187915c8d31912d6c	2017-10-17 10:06:30	2017-10-17 10:06:30
1028	1021	60723343548e08987a6a5aca01bdf307	2017-10-17 11:07:14	2017-10-17 11:07:14
1029	1022	ff96de0deb2bcef995a1e17ee86f33b2	2017-10-17 11:25:16	2017-10-17 11:25:16
1030	1025	e4754d59e8a38c9d87e4a74404c32bb2	2017-10-17 11:32:57	2017-10-17 11:32:57
1031	1027	ff96de0deb2bcef995a1e17ee86f33b2	2017-10-30 16:00:59	2017-10-30 16:00:59
1032	1028	4b81dee58d2d6ab4887766ec18537739	2017-10-30 16:11:23	2017-10-30 16:11:23
1033	1030	b07f4c613fe378608295b508bb646b83	2017-10-31 14:31:42	2017-10-31 14:31:42
1034	1031	60723343548e08987a6a5aca01bdf307	2017-10-31 14:35:17	2017-10-31 14:35:17
1035	1032	6ec0cb00bd0f0302f17b39510be8251b	2017-11-11 15:16:46	2017-11-11 15:16:46
1036	1033	64d4571f2979ecd47c430abf80db0546	2017-11-14 11:49:46	2017-11-14 11:49:46
1037	1034	ff08a5bca0ab89df70758caa314b8822	2017-11-14 17:26:31	2017-11-14 17:26:31
1038	1035	60723343548e08987a6a5aca01bdf307	2017-11-17 16:43:40	2017-11-17 16:43:40
1039	1036	12852741a175301d31be43af38c7c19f	2017-11-23 15:25:59	2017-11-23 15:25:59
1040	1038	64a3df9c195cce3a263678543f480476	2017-11-24 21:37:16	2017-11-24 21:37:16
1041	1039	8282167b5d37426845c6c124a9c62080	2017-11-25 09:53:48	2017-11-25 09:53:48
1042	1040	7840863e4cd74c4d2016d7d8d5df1379	2017-11-26 09:44:59	2017-11-26 09:44:59
1043	1041	40dd1e8dc8dac8e8306cebbb9d57d09e	2017-11-27 11:54:57	2017-11-27 11:54:57
1044	1042	c7bb62e91735fad5034418c4a4f04f18	2017-11-30 18:03:18	2017-11-30 18:03:18
