180	57	33	2017-07-04 17:04:41	2017-07-04 17:04:41
181	281	33	2017-07-04 17:04:42	2017-07-04 17:04:42
6	482	1	2017-07-02 20:35:01	2017-07-02 20:35:01
7	483	1	2017-07-02 20:37:44	2017-07-02 20:37:44
8	484	1	2017-07-02 20:43:03	2017-07-02 20:43:03
9	485	1	2017-07-02 20:44:49	2017-07-02 20:44:49
10	486	1	2017-07-02 20:47:06	2017-07-02 20:47:06
11	487	1	2017-07-02 20:52:07	2017-07-02 20:52:07
12	488	1	2017-07-02 20:59:30	2017-07-02 20:59:30
13	489	1	2017-07-02 21:12:44	2017-07-02 21:12:44
14	490	1	2017-07-03 07:09:03	2017-07-03 07:09:03
15	1	31	2017-07-03 07:56:38	2017-07-03 07:56:38
16	2	31	2017-07-03 07:56:38	2017-07-03 07:56:38
17	3	31	2017-07-03 07:56:38	2017-07-03 07:56:38
18	17	31	2017-07-03 07:58:59	2017-07-03 07:58:59
19	50	31	2017-07-03 07:58:59	2017-07-03 07:58:59
20	289	31	2017-07-03 07:59:21	2017-07-03 07:59:21
21	17	32	2017-07-03 08:00:54	2017-07-03 08:00:54
22	50	32	2017-07-03 08:00:54	2017-07-03 08:00:54
23	289	32	2017-07-03 08:01:04	2017-07-03 08:01:04
24	316	32	2017-07-03 08:01:41	2017-07-03 08:01:41
25	279	32	2017-07-03 08:02:02	2017-07-03 08:02:02
26	491	1	2017-07-03 08:36:59	2017-07-03 08:36:59
27	492	1	2017-07-03 08:54:06	2017-07-03 08:54:06
28	493	1	2017-07-03 08:58:32	2017-07-03 08:58:32
30	347	7	2017-07-03 09:45:04	2017-07-03 09:45:04
179	294	33	2017-07-04 17:04:40	2017-07-04 17:04:40
178	284	33	2017-07-04 17:04:40	2017-07-04 17:04:40
177	278	33	2017-07-04 17:04:39	2017-07-04 17:04:39
176	446	33	2017-07-04 17:04:32	2017-07-04 17:04:32
38	494	1	2017-07-03 17:07:05	2017-07-03 17:07:05
39	495	1	2017-07-03 17:13:29	2017-07-03 17:13:29
42	498	1	2017-07-03 17:26:06	2017-07-03 17:26:06
183	223	33	2017-07-04 17:04:49	2017-07-04 17:04:49
43	499	1	2017-07-04 01:09:43	2017-07-04 01:09:43
44	500	1	2017-07-04 01:25:48	2017-07-04 01:25:48
45	501	21	2017-07-04 09:01:17	2017-07-04 09:01:17
46	502	21	2017-07-04 09:13:21	2017-07-04 09:13:21
47	503	21	2017-07-04 09:38:17	2017-07-04 09:38:17
48	504	21	2017-07-04 09:47:37	2017-07-04 09:47:37
49	505	21	2017-07-04 09:53:19	2017-07-04 09:53:19
50	506	21	2017-07-04 10:02:57	2017-07-04 10:02:57
156	163	34	2017-07-04 17:01:07	2017-07-04 17:01:07
155	119	34	2017-07-04 17:01:07	2017-07-04 17:01:07
153	49	34	2017-07-04 17:01:07	2017-07-04 17:01:07
151	451	34	2017-07-04 17:01:05	2017-07-04 17:01:05
149	494	34	2017-07-04 17:01:05	2017-07-04 17:01:05
147	130	34	2017-07-04 17:01:04	2017-07-04 17:01:04
145	77	34	2017-07-04 17:01:03	2017-07-04 17:01:03
184	281	33	2017-07-04 17:04:49	2017-07-04 17:04:49
111	490	30	2017-07-04 16:46:49	2017-07-04 16:46:49
110	479	30	2017-07-04 16:46:49	2017-07-04 16:46:49
219	537	17	2017-07-07 20:05:25	2017-07-07 20:05:25
108	314	30	2017-07-04 16:46:48	2017-07-04 16:46:48
107	313	30	2017-07-04 16:46:48	2017-07-04 16:46:48
106	247	30	2017-07-04 16:46:47	2017-07-04 16:46:47
171	213	34	2017-07-04 17:01:37	2017-07-04 17:01:37
72	509	24	2017-07-04 14:16:47	2017-07-04 14:16:47
158	246	34	2017-07-04 17:01:08	2017-07-04 17:01:08
105	246	30	2017-07-04 16:46:47	2017-07-04 16:46:47
104	205	30	2017-07-04 16:46:47	2017-07-04 16:46:47
103	163	30	2017-07-04 16:46:46	2017-07-04 16:46:46
102	119	30	2017-07-04 16:46:46	2017-07-04 16:46:46
101	50	30	2017-07-04 16:46:46	2017-07-04 16:46:46
100	49	30	2017-07-04 16:46:45	2017-07-04 16:46:45
99	23	30	2017-07-04 16:46:45	2017-07-04 16:46:45
98	451	30	2017-07-04 16:46:44	2017-07-04 16:46:44
97	459	30	2017-07-04 16:46:44	2017-07-04 16:46:44
96	494	30	2017-07-04 16:46:44	2017-07-04 16:46:44
95	473	30	2017-07-04 16:46:43	2017-07-04 16:46:43
94	130	30	2017-07-04 16:46:43	2017-07-04 16:46:43
93	96	30	2017-07-04 16:46:43	2017-07-04 16:46:43
92	77	30	2017-07-04 16:46:42	2017-07-04 16:46:42
91	509	30	2017-07-04 16:46:42	2017-07-04 16:46:42
157	205	34	2017-07-04 17:01:08	2017-07-04 17:01:08
154	50	34	2017-07-04 17:01:07	2017-07-04 17:01:07
152	23	34	2017-07-04 17:01:06	2017-07-04 17:01:06
150	459	34	2017-07-04 17:01:05	2017-07-04 17:01:05
148	473	34	2017-07-04 17:01:04	2017-07-04 17:01:04
146	96	34	2017-07-04 17:01:04	2017-07-04 17:01:04
144	509	34	2017-07-04 17:01:03	2017-07-04 17:01:03
169	454	34	2017-07-04 17:01:36	2017-07-04 17:01:36
168	507	34	2017-07-04 17:01:21	2017-07-04 17:01:21
167	51	34	2017-07-04 17:01:21	2017-07-04 17:01:21
166	28	34	2017-07-04 17:01:21	2017-07-04 17:01:21
165	18	34	2017-07-04 17:01:21	2017-07-04 17:01:21
164	490	34	2017-07-04 17:01:10	2017-07-04 17:01:10
163	479	34	2017-07-04 17:01:10	2017-07-04 17:01:10
218	536	1	2017-07-06 07:16:22	2017-07-06 07:16:22
161	314	34	2017-07-04 17:01:09	2017-07-04 17:01:09
160	313	34	2017-07-04 17:01:09	2017-07-04 17:01:09
159	247	34	2017-07-04 17:01:08	2017-07-04 17:01:08
172	357	34	2017-07-04 17:01:37	2017-07-04 17:01:37
170	310	34	2017-07-04 17:01:36	2017-07-04 17:01:36
173	5	34	2017-07-04 17:01:48	2017-07-04 17:01:48
174	357	34	2017-07-04 17:01:48	2017-07-04 17:01:48
175	508	34	2017-07-04 17:01:49	2017-07-04 17:01:49
182	210	33	2017-07-04 17:04:49	2017-07-04 17:04:49
185	282	33	2017-07-04 17:04:49	2017-07-04 17:04:49
186	222	33	2017-07-04 17:04:50	2017-07-04 17:04:50
187	278	33	2017-07-04 17:04:51	2017-07-04 17:04:51
188	279	33	2017-07-04 17:04:51	2017-07-04 17:04:51
189	280	33	2017-07-04 17:04:51	2017-07-04 17:04:51
190	288	33	2017-07-04 17:04:52	2017-07-04 17:04:52
191	356	33	2017-07-04 17:04:52	2017-07-04 17:04:52
192	510	21	2017-07-04 22:08:39	2017-07-04 22:08:39
193	511	21	2017-07-04 22:21:55	2017-07-04 22:21:55
194	512	21	2017-07-04 22:32:15	2017-07-04 22:32:15
195	513	21	2017-07-04 22:39:36	2017-07-04 22:39:36
196	514	21	2017-07-04 22:50:11	2017-07-04 22:50:11
197	515	21	2017-07-04 22:54:17	2017-07-04 22:54:17
198	516	21	2017-07-04 23:05:40	2017-07-04 23:05:40
199	517	21	2017-07-05 01:49:36	2017-07-05 01:49:36
200	518	21	2017-07-05 01:57:48	2017-07-05 01:57:48
201	519	21	2017-07-05 02:03:13	2017-07-05 02:03:13
202	520	21	2017-07-05 02:09:53	2017-07-05 02:09:53
203	521	21	2017-07-05 02:17:54	2017-07-05 02:17:54
204	522	1	2017-07-05 10:17:57	2017-07-05 10:17:57
205	523	1	2017-07-05 10:27:38	2017-07-05 10:27:38
206	524	1	2017-07-05 20:10:25	2017-07-05 20:10:25
207	525	1	2017-07-05 20:20:35	2017-07-05 20:20:35
208	526	1	2017-07-05 20:28:33	2017-07-05 20:28:33
209	527	17	2017-07-05 20:57:17	2017-07-05 20:57:17
210	528	1	2017-07-05 21:34:40	2017-07-05 21:34:40
211	529	1	2017-07-06 06:47:50	2017-07-06 06:47:50
212	530	1	2017-07-06 06:53:36	2017-07-06 06:53:36
213	531	1	2017-07-06 06:56:06	2017-07-06 06:56:06
214	532	1	2017-07-06 06:59:12	2017-07-06 06:59:12
215	533	1	2017-07-06 07:00:08	2017-07-06 07:00:08
216	534	1	2017-07-06 07:03:40	2017-07-06 07:03:40
217	535	1	2017-07-06 07:08:42	2017-07-06 07:08:42
220	538	17	2017-07-07 20:09:59	2017-07-07 20:09:59
221	539	17	2017-07-07 20:15:13	2017-07-07 20:15:13
222	540	17	2017-07-07 20:19:20	2017-07-07 20:19:20
223	541	17	2017-07-07 20:29:57	2017-07-07 20:29:57
224	542	17	2017-07-07 20:41:43	2017-07-07 20:41:43
225	543	17	2017-07-07 20:45:55	2017-07-07 20:45:55
226	544	17	2017-07-07 20:57:18	2017-07-07 20:57:18
227	545	17	2017-07-07 21:06:39	2017-07-07 21:06:39
228	546	17	2017-07-07 21:13:15	2017-07-07 21:13:15
229	547	1	2017-07-08 07:35:19	2017-07-08 07:35:19
230	548	1	2017-07-08 08:48:46	2017-07-08 08:48:46
231	549	17	2017-07-08 11:20:39	2017-07-08 11:20:39
232	550	17	2017-07-08 14:12:00	2017-07-08 14:12:00
233	551	17	2017-07-08 14:26:12	2017-07-08 14:26:12
234	552	17	2017-07-08 14:39:26	2017-07-08 14:39:26
235	553	17	2017-07-08 14:48:43	2017-07-08 14:48:43
236	554	17	2017-07-08 15:01:31	2017-07-08 15:01:31
237	555	17	2017-07-08 15:12:20	2017-07-08 15:12:20
238	556	17	2017-07-08 16:56:50	2017-07-08 16:56:50
239	557	17	2017-07-08 17:00:02	2017-07-08 17:00:02
240	558	17	2017-07-08 17:03:23	2017-07-08 17:03:23
241	559	17	2017-07-08 17:23:26	2017-07-08 17:23:26
242	560	17	2017-07-08 17:28:54	2017-07-08 17:28:54
243	561	17	2017-07-08 17:35:33	2017-07-08 17:35:33
244	562	17	2017-07-08 17:40:10	2017-07-08 17:40:10
245	563	17	2017-07-08 17:44:31	2017-07-08 17:44:31
246	564	17	2017-07-08 17:49:23	2017-07-08 17:49:23
247	565	17	2017-07-08 19:01:31	2017-07-08 19:01:31
248	566	17	2017-07-08 19:06:12	2017-07-08 19:06:12
249	567	17	2017-07-08 19:12:38	2017-07-08 19:12:38
250	568	17	2017-07-08 19:19:18	2017-07-08 19:19:18
251	569	17	2017-07-08 19:24:30	2017-07-08 19:24:30
252	570	17	2017-07-08 19:27:41	2017-07-08 19:27:41
253	571	17	2017-07-08 19:32:23	2017-07-08 19:32:23
254	572	17	2017-07-08 19:35:27	2017-07-08 19:35:27
255	573	17	2017-07-08 19:37:54	2017-07-08 19:37:54
256	574	17	2017-07-08 19:40:15	2017-07-08 19:40:15
257	575	17	2017-07-08 19:48:16	2017-07-08 19:48:16
258	576	17	2017-07-08 19:59:36	2017-07-08 19:59:36
259	577	17	2017-07-08 20:01:33	2017-07-08 20:01:33
260	578	17	2017-07-08 20:05:37	2017-07-08 20:05:37
261	579	17	2017-07-08 20:23:08	2017-07-08 20:23:08
262	580	17	2017-07-08 20:29:34	2017-07-08 20:29:34
263	581	17	2017-07-08 20:33:26	2017-07-08 20:33:26
264	582	17	2017-07-08 21:19:05	2017-07-08 21:19:05
265	583	17	2017-07-08 21:21:30	2017-07-08 21:21:30
266	584	17	2017-07-08 21:24:10	2017-07-08 21:24:10
267	585	17	2017-07-08 21:28:10	2017-07-08 21:28:10
268	586	17	2017-07-08 21:33:52	2017-07-08 21:33:52
269	587	17	2017-07-08 21:42:54	2017-07-08 21:42:54
270	588	17	2017-07-08 22:01:02	2017-07-08 22:01:02
271	589	17	2017-07-08 22:03:09	2017-07-08 22:03:09
272	590	17	2017-07-08 22:05:31	2017-07-08 22:05:31
273	591	17	2017-07-08 22:08:23	2017-07-08 22:08:23
274	592	17	2017-07-08 22:12:20	2017-07-08 22:12:20
275	593	17	2017-07-08 22:14:37	2017-07-08 22:14:37
276	594	1	2017-07-09 07:59:32	2017-07-09 07:59:32
277	595	1	2017-07-09 08:02:17	2017-07-09 08:02:17
278	596	1	2017-07-09 08:10:52	2017-07-09 08:10:52
279	597	1	2017-07-09 08:13:22	2017-07-09 08:13:22
280	598	1	2017-07-09 08:16:41	2017-07-09 08:16:41
281	599	1	2017-07-09 08:20:32	2017-07-09 08:20:32
282	600	1	2017-07-09 08:36:17	2017-07-09 08:36:17
283	601	1	2017-07-09 08:42:15	2017-07-09 08:42:15
284	602	1	2017-07-10 07:56:37	2017-07-10 07:56:37
285	603	1	2017-07-10 09:11:34	2017-07-10 09:11:34
286	604	17	2017-07-10 09:40:34	2017-07-10 09:40:34
287	605	17	2017-07-10 09:44:02	2017-07-10 09:44:02
288	606	17	2017-07-10 09:47:58	2017-07-10 09:47:58
289	607	17	2017-07-10 09:52:23	2017-07-10 09:52:23
290	608	17	2017-07-10 09:58:14	2017-07-10 09:58:14
291	609	17	2017-07-10 10:01:14	2017-07-10 10:01:14
292	610	17	2017-07-10 10:12:53	2017-07-10 10:12:53
293	611	17	2017-07-10 10:18:24	2017-07-10 10:18:24
294	612	17	2017-07-10 10:34:26	2017-07-10 10:34:26
295	613	17	2017-07-10 10:38:13	2017-07-10 10:38:13
296	614	17	2017-07-10 10:40:57	2017-07-10 10:40:57
297	615	17	2017-07-10 10:45:25	2017-07-10 10:45:25
298	616	17	2017-07-10 10:48:01	2017-07-10 10:48:01
299	617	17	2017-07-10 10:53:24	2017-07-10 10:53:24
300	618	17	2017-07-10 10:56:14	2017-07-10 10:56:14
301	619	17	2017-07-10 11:00:05	2017-07-10 11:00:05
302	620	17	2017-07-10 11:03:13	2017-07-10 11:03:13
303	621	17	2017-07-10 11:05:39	2017-07-10 11:05:39
304	622	17	2017-07-10 11:07:54	2017-07-10 11:07:54
305	623	17	2017-07-10 11:26:15	2017-07-10 11:26:15
306	624	17	2017-07-10 11:30:00	2017-07-10 11:30:00
307	625	17	2017-07-10 11:33:51	2017-07-10 11:33:51
308	626	17	2017-07-10 11:36:54	2017-07-10 11:36:54
309	627	17	2017-07-10 11:43:14	2017-07-10 11:43:14
310	628	17	2017-07-10 11:46:04	2017-07-10 11:46:04
311	629	17	2017-07-10 11:48:43	2017-07-10 11:48:43
312	630	1	2017-07-10 13:20:38	2017-07-10 13:20:38
313	631	1	2017-07-10 14:23:04	2017-07-10 14:23:04
314	632	1	2017-07-10 14:25:13	2017-07-10 14:25:13
315	633	1	2017-07-10 14:28:48	2017-07-10 14:28:48
316	633	30	2017-07-10 14:28:48	2017-07-10 14:28:48
317	633	34	2017-07-10 14:28:48	2017-07-10 14:28:48
318	634	1	2017-07-10 14:37:05	2017-07-10 14:37:05
319	635	1	2017-07-10 14:40:22	2017-07-10 14:40:22
320	636	1	2017-07-10 14:43:44	2017-07-10 14:43:44
321	637	1	2017-07-10 14:51:46	2017-07-10 14:51:46
322	638	17	2017-07-11 09:28:28	2017-07-11 09:28:28
323	639	24	2017-07-11 12:39:29	2017-07-11 12:39:29
324	640	24	2017-07-11 12:56:35	2017-07-11 12:56:35
325	641	24	2017-07-11 12:57:21	2017-07-11 12:57:21
326	642	24	2017-07-11 14:46:48	2017-07-11 14:46:48
327	643	24	2017-07-11 15:59:18	2017-07-11 15:59:18
328	644	24	2017-07-11 16:17:10	2017-07-11 16:17:10
329	645	24	2017-07-11 16:33:11	2017-07-11 16:33:11
330	646	24	2017-07-12 09:42:29	2017-07-12 09:42:29
331	647	21	2017-07-12 09:58:18	2017-07-12 09:58:18
332	648	24	2017-07-12 10:01:46	2017-07-12 10:01:46
333	649	21	2017-07-12 10:03:37	2017-07-12 10:03:37
334	650	21	2017-07-12 10:08:50	2017-07-12 10:08:50
335	651	24	2017-07-12 10:11:59	2017-07-12 10:11:59
336	652	21	2017-07-12 10:13:55	2017-07-12 10:13:55
337	653	21	2017-07-12 10:17:32	2017-07-12 10:17:32
338	654	21	2017-07-12 10:21:54	2017-07-12 10:21:54
339	655	24	2017-07-12 10:23:30	2017-07-12 10:23:30
340	656	21	2017-07-12 10:25:53	2017-07-12 10:25:53
341	657	21	2017-07-12 10:30:20	2017-07-12 10:30:20
342	658	21	2017-07-12 10:34:01	2017-07-12 10:34:01
343	659	21	2017-07-12 10:38:47	2017-07-12 10:38:47
344	660	24	2017-07-12 10:54:47	2017-07-12 10:54:47
345	661	24	2017-07-12 11:19:47	2017-07-12 11:19:47
346	662	24	2017-07-14 12:04:25	2017-07-14 12:04:25
347	663	24	2017-07-14 12:35:17	2017-07-14 12:35:17
348	664	21	2017-07-14 22:25:42	2017-07-14 22:25:42
349	665	21	2017-07-14 22:30:52	2017-07-14 22:30:52
350	666	21	2017-07-14 22:35:41	2017-07-14 22:35:41
351	667	21	2017-07-14 22:40:49	2017-07-14 22:40:49
428	742	1	2017-07-20 08:54:47	2017-07-20 08:54:47
353	669	21	2017-07-14 23:51:58	2017-07-14 23:51:58
354	670	21	2017-07-14 23:56:41	2017-07-14 23:56:41
355	671	21	2017-07-15 00:00:15	2017-07-15 00:00:15
356	672	21	2017-07-15 00:06:56	2017-07-15 00:06:56
357	673	21	2017-07-15 00:09:57	2017-07-15 00:09:57
358	674	21	2017-07-15 00:14:13	2017-07-15 00:14:13
359	675	21	2017-07-15 00:19:09	2017-07-15 00:19:09
360	676	21	2017-07-15 00:22:34	2017-07-15 00:22:34
361	677	21	2017-07-15 00:28:11	2017-07-15 00:28:11
519	808	1	2017-08-12 19:10:04	2017-08-12 19:10:04
363	679	21	2017-07-15 00:36:38	2017-07-15 00:36:38
364	680	1	2017-07-15 12:10:42	2017-07-15 12:10:42
365	681	21	2017-07-15 21:46:00	2017-07-15 21:46:00
366	682	21	2017-07-15 21:50:59	2017-07-15 21:50:59
367	683	21	2017-07-15 21:54:19	2017-07-15 21:54:19
368	684	21	2017-07-15 22:45:54	2017-07-15 22:45:54
369	685	21	2017-07-15 22:52:39	2017-07-15 22:52:39
370	686	21	2017-07-15 22:57:17	2017-07-15 22:57:17
371	687	21	2017-07-15 23:03:04	2017-07-15 23:03:04
372	688	21	2017-07-15 23:07:17	2017-07-15 23:07:17
373	689	21	2017-07-15 23:11:33	2017-07-15 23:11:33
374	690	21	2017-07-15 23:14:59	2017-07-15 23:14:59
375	691	21	2017-07-15 23:17:43	2017-07-15 23:17:43
376	692	21	2017-07-15 23:20:38	2017-07-15 23:20:38
377	693	21	2017-07-15 23:24:49	2017-07-15 23:24:49
378	694	21	2017-07-15 23:30:13	2017-07-15 23:30:13
379	694	30	2017-07-15 23:30:13	2017-07-15 23:30:13
380	694	34	2017-07-15 23:30:13	2017-07-15 23:30:13
381	695	21	2017-07-15 23:34:10	2017-07-15 23:34:10
517	806	1	2017-08-12 18:56:41	2017-08-12 18:56:41
406	720	1	2017-07-17 23:02:27	2017-07-17 23:02:27
384	698	21	2017-07-15 23:50:28	2017-07-15 23:50:28
385	699	21	2017-07-15 23:56:59	2017-07-15 23:56:59
386	700	1	2017-07-17 21:00:16	2017-07-17 21:00:16
387	701	1	2017-07-17 21:10:22	2017-07-17 21:10:22
388	702	1	2017-07-17 21:13:39	2017-07-17 21:13:39
389	703	1	2017-07-17 21:17:36	2017-07-17 21:17:36
390	704	1	2017-07-17 22:03:40	2017-07-17 22:03:40
391	705	1	2017-07-17 22:08:19	2017-07-17 22:08:19
392	706	1	2017-07-17 22:10:14	2017-07-17 22:10:14
393	707	1	2017-07-17 22:14:20	2017-07-17 22:14:20
394	708	1	2017-07-17 22:17:10	2017-07-17 22:17:10
395	709	1	2017-07-17 22:21:14	2017-07-17 22:21:14
396	710	1	2017-07-17 22:23:35	2017-07-17 22:23:35
397	711	1	2017-07-17 22:27:09	2017-07-17 22:27:09
398	712	1	2017-07-17 22:31:33	2017-07-17 22:31:33
399	713	1	2017-07-17 22:33:17	2017-07-17 22:33:17
400	714	1	2017-07-17 22:36:40	2017-07-17 22:36:40
401	715	1	2017-07-17 22:38:59	2017-07-17 22:38:59
402	716	1	2017-07-17 22:42:10	2017-07-17 22:42:10
403	717	1	2017-07-17 22:50:16	2017-07-17 22:50:16
404	718	1	2017-07-17 22:52:34	2017-07-17 22:52:34
405	719	1	2017-07-17 22:57:13	2017-07-17 22:57:13
407	721	1	2017-07-17 23:09:41	2017-07-17 23:09:41
408	722	1	2017-07-17 23:11:44	2017-07-17 23:11:44
409	723	1	2017-07-17 23:13:53	2017-07-17 23:13:53
410	724	1	2017-07-17 23:46:23	2017-07-17 23:46:23
411	725	1	2017-07-17 23:48:37	2017-07-17 23:48:37
412	726	1	2017-07-17 23:52:33	2017-07-17 23:52:33
413	727	1	2017-07-17 23:55:08	2017-07-17 23:55:08
414	728	1	2017-07-17 23:59:07	2017-07-17 23:59:07
415	729	1	2017-07-18 00:01:59	2017-07-18 00:01:59
416	730	1	2017-07-18 00:08:41	2017-07-18 00:08:41
417	731	1	2017-07-18 00:12:15	2017-07-18 00:12:15
418	732	1	2017-07-18 00:14:32	2017-07-18 00:14:32
419	733	17	2017-07-18 09:35:23	2017-07-18 09:35:23
420	734	17	2017-07-18 09:41:58	2017-07-18 09:41:58
421	735	17	2017-07-18 09:53:38	2017-07-18 09:53:38
422	736	17	2017-07-18 10:11:08	2017-07-18 10:11:08
423	737	17	2017-07-18 10:14:59	2017-07-18 10:14:59
424	738	17	2017-07-18 10:22:01	2017-07-18 10:22:01
425	739	17	2017-07-18 10:26:43	2017-07-18 10:26:43
426	740	17	2017-07-18 10:29:51	2017-07-18 10:29:51
427	741	17	2017-07-18 10:42:50	2017-07-18 10:42:50
429	403	44	2017-07-20 09:18:55	2017-07-20 09:18:55
430	85	44	2017-07-20 09:18:55	2017-07-20 09:18:55
431	167	44	2017-07-20 09:18:55	2017-07-20 09:18:55
432	226	44	2017-07-20 09:18:55	2017-07-20 09:18:55
433	282	44	2017-07-20 09:18:55	2017-07-20 09:18:55
434	349	44	2017-07-20 09:18:55	2017-07-20 09:18:55
435	350	44	2017-07-20 09:18:55	2017-07-20 09:18:55
436	351	44	2017-07-20 09:18:55	2017-07-20 09:18:55
437	352	44	2017-07-20 09:18:55	2017-07-20 09:18:55
438	743	1	2017-07-22 14:22:41	2017-07-22 14:22:41
439	744	1	2017-07-22 16:10:54	2017-07-22 16:10:54
440	745	1	2017-07-22 16:19:32	2017-07-22 16:19:32
441	746	1	2017-07-22 16:23:04	2017-07-22 16:23:04
442	747	1	2017-07-22 16:25:41	2017-07-22 16:25:41
443	748	1	2017-07-22 16:27:29	2017-07-22 16:27:29
444	749	1	2017-07-22 16:36:03	2017-07-22 16:36:03
445	750	1	2017-07-22 16:55:00	2017-07-22 16:55:00
446	751	1	2017-07-22 16:56:57	2017-07-22 16:56:57
447	752	1	2017-07-22 16:59:15	2017-07-22 16:59:15
448	753	1	2017-07-22 17:00:49	2017-07-22 17:00:49
449	754	1	2017-07-22 17:03:04	2017-07-22 17:03:04
450	755	1	2017-07-22 17:05:04	2017-07-22 17:05:04
451	756	17	2017-07-24 22:55:37	2017-07-24 22:55:37
452	757	24	2017-07-26 09:36:51	2017-07-26 09:36:51
453	758	24	2017-07-26 09:52:39	2017-07-26 09:52:39
454	759	24	2017-07-26 10:12:10	2017-07-26 10:12:10
455	759	30	2017-07-26 10:12:10	2017-07-26 10:12:10
456	759	34	2017-07-26 10:12:10	2017-07-26 10:12:10
457	760	24	2017-07-26 10:28:33	2017-07-26 10:28:33
458	761	24	2017-07-27 09:09:30	2017-07-27 09:09:30
459	762	24	2017-07-27 09:16:00	2017-07-27 09:16:00
460	763	24	2017-07-27 09:35:14	2017-07-27 09:35:14
461	764	17	2017-07-27 19:31:22	2017-07-27 19:31:22
462	765	17	2017-07-27 19:50:56	2017-07-27 19:50:56
463	765	30	2017-07-27 19:50:56	2017-07-27 19:50:56
464	765	34	2017-07-27 19:50:56	2017-07-27 19:50:56
465	766	17	2017-07-27 19:55:34	2017-07-27 19:55:34
466	767	17	2017-08-01 15:04:35	2017-08-01 15:04:35
467	768	17	2017-08-01 17:42:58	2017-08-01 17:42:58
468	769	17	2017-08-01 17:45:41	2017-08-01 17:45:41
469	770	17	2017-08-01 17:47:51	2017-08-01 17:47:51
470	771	17	2017-08-01 17:51:55	2017-08-01 17:51:55
471	772	17	2017-08-01 17:54:26	2017-08-01 17:54:26
472	773	17	2017-08-01 17:56:24	2017-08-01 17:56:24
473	774	17	2017-08-01 18:01:06	2017-08-01 18:01:06
474	775	17	2017-08-01 18:06:21	2017-08-01 18:06:21
475	776	17	2017-08-01 18:10:46	2017-08-01 18:10:46
476	777	17	2017-08-01 18:21:15	2017-08-01 18:21:15
477	778	17	2017-08-01 18:25:56	2017-08-01 18:25:56
478	779	17	2017-08-01 18:28:59	2017-08-01 18:28:59
479	780	17	2017-08-01 18:32:14	2017-08-01 18:32:14
480	781	17	2017-08-01 18:34:40	2017-08-01 18:34:40
481	782	17	2017-08-01 18:36:12	2017-08-01 18:36:12
482	783	17	2017-08-01 18:38:41	2017-08-01 18:38:41
483	784	22	2017-08-06 20:42:37	2017-08-06 20:42:37
484	784	44	2017-08-06 20:42:37	2017-08-06 20:42:37
485	785	22	2017-08-06 23:08:43	2017-08-06 23:08:43
486	786	17	2017-08-08 13:52:40	2017-08-08 13:52:40
487	787	17	2017-08-08 13:55:43	2017-08-08 13:55:43
488	788	17	2017-08-08 14:00:52	2017-08-08 14:00:52
490	790	17	2017-08-08 14:25:26	2017-08-08 14:25:26
491	791	17	2017-08-08 14:26:38	2017-08-08 14:26:38
492	792	17	2017-08-08 14:28:34	2017-08-08 14:28:34
493	793	17	2017-08-08 14:33:34	2017-08-08 14:33:34
494	794	17	2017-08-08 14:36:24	2017-08-08 14:36:24
495	795	17	2017-08-08 14:38:59	2017-08-08 14:38:59
496	796	17	2017-08-08 14:43:44	2017-08-08 14:43:44
497	797	17	2017-08-08 14:48:53	2017-08-08 14:48:53
498	798	17	2017-08-08 14:54:40	2017-08-08 14:54:40
499	799	17	2017-08-08 15:01:58	2017-08-08 15:01:58
500	800	17	2017-08-08 15:10:50	2017-08-08 15:10:50
501	801	17	2017-08-08 15:12:31	2017-08-08 15:12:31
502	802	17	2017-08-08 15:13:44	2017-08-08 15:13:44
503	803	17	2017-08-08 15:22:59	2017-08-08 15:22:59
504	804	17	2017-08-08 15:24:51	2017-08-08 15:24:51
505	644	52	2017-08-11 08:21:15	2017-08-11 08:21:15
506	27	52	2017-08-11 08:21:15	2017-08-11 08:21:15
507	150	52	2017-08-11 08:21:15	2017-08-11 08:21:15
508	160	52	2017-08-11 08:21:15	2017-08-11 08:21:15
509	161	52	2017-08-11 08:21:15	2017-08-11 08:21:15
510	164	52	2017-08-11 08:21:15	2017-08-11 08:21:15
511	166	52	2017-08-11 08:21:15	2017-08-11 08:21:15
512	168	52	2017-08-11 08:21:15	2017-08-11 08:21:15
513	170	52	2017-08-11 08:21:15	2017-08-11 08:21:15
514	173	52	2017-08-11 08:21:15	2017-08-11 08:21:15
518	807	1	2017-08-12 18:57:59	2017-08-12 18:57:59
516	805	52	2017-08-11 08:40:37	2017-08-11 08:40:37
520	808	33	2017-08-12 19:10:04	2017-08-12 19:10:04
521	809	1	2017-08-12 19:20:20	2017-08-12 19:20:20
522	810	1	2017-08-12 19:28:59	2017-08-12 19:28:59
523	811	1	2017-08-12 19:45:00	2017-08-12 19:45:00
524	812	1	2017-08-12 19:59:50	2017-08-12 19:59:50
525	813	1	2017-08-12 20:02:40	2017-08-12 20:02:40
526	814	1	2017-08-12 20:12:10	2017-08-12 20:12:10
527	815	1	2017-08-12 20:21:05	2017-08-12 20:21:05
528	816	1	2017-08-12 21:21:55	2017-08-12 21:21:55
529	817	1	2017-08-12 21:38:07	2017-08-12 21:38:07
530	818	1	2017-08-12 21:46:14	2017-08-12 21:46:14
531	819	1	2017-08-12 21:52:19	2017-08-12 21:52:19
532	820	1	2017-08-13 07:15:32	2017-08-13 07:15:32
533	821	1	2017-08-13 07:18:44	2017-08-13 07:18:44
534	822	1	2017-08-13 07:22:10	2017-08-13 07:22:10
535	823	1	2017-08-13 07:24:20	2017-08-13 07:24:20
536	824	1	2017-08-13 07:27:23	2017-08-13 07:27:23
537	825	1	2017-08-13 07:56:56	2017-08-13 07:56:56
538	826	1	2017-08-14 12:17:58	2017-08-14 12:17:58
539	827	1	2017-08-14 12:20:31	2017-08-14 12:20:31
540	828	1	2017-08-14 12:21:55	2017-08-14 12:21:55
541	829	1	2017-08-14 12:24:23	2017-08-14 12:24:23
542	830	1	2017-08-14 12:26:14	2017-08-14 12:26:14
543	831	1	2017-08-14 12:28:05	2017-08-14 12:28:05
544	832	1	2017-08-14 12:30:06	2017-08-14 12:30:06
545	833	1	2017-08-14 12:33:39	2017-08-14 12:33:39
546	834	1	2017-08-14 12:35:21	2017-08-14 12:35:21
547	835	1	2017-08-14 12:36:48	2017-08-14 12:36:48
548	836	1	2017-08-14 12:39:38	2017-08-14 12:39:38
549	837	1	2017-08-14 12:43:54	2017-08-14 12:43:54
550	838	1	2017-08-14 12:46:03	2017-08-14 12:46:03
551	839	1	2017-08-14 12:51:14	2017-08-14 12:51:14
552	840	1	2017-08-14 12:53:56	2017-08-14 12:53:56
553	841	1	2017-08-14 12:55:12	2017-08-14 12:55:12
554	842	1	2017-08-14 12:56:36	2017-08-14 12:56:36
555	843	1	2017-08-14 12:57:51	2017-08-14 12:57:51
556	844	1	2017-08-14 12:58:54	2017-08-14 12:58:54
557	845	1	2017-08-14 13:00:56	2017-08-14 13:00:56
558	846	1	2017-08-14 13:02:37	2017-08-14 13:02:37
559	847	1	2017-08-14 13:04:28	2017-08-14 13:04:28
560	848	1	2017-08-14 13:05:35	2017-08-14 13:05:35
561	849	1	2017-08-14 13:06:48	2017-08-14 13:06:48
562	850	1	2017-08-14 13:08:12	2017-08-14 13:08:12
563	851	1	2017-08-14 13:11:52	2017-08-14 13:11:52
564	852	1	2017-08-14 13:13:36	2017-08-14 13:13:36
565	853	1	2017-08-14 13:14:53	2017-08-14 13:14:53
566	854	1	2017-08-14 13:16:33	2017-08-14 13:16:33
567	855	1	2017-08-14 13:18:06	2017-08-14 13:18:06
568	856	1	2017-08-14 13:19:09	2017-08-14 13:19:09
569	765	55	2017-08-15 16:53:50	2017-08-15 16:53:50
570	767	55	2017-08-15 16:53:58	2017-08-15 16:53:58
571	768	55	2017-08-15 16:54:05	2017-08-15 16:54:05
572	790	55	2017-08-15 16:54:05	2017-08-15 16:54:05
573	794	55	2017-08-15 16:54:05	2017-08-15 16:54:05
574	804	55	2017-08-15 16:54:05	2017-08-15 16:54:05
575	769	55	2017-08-15 16:54:12	2017-08-15 16:54:12
576	803	55	2017-08-15 16:54:12	2017-08-15 16:54:12
577	769	55	2017-08-15 16:54:19	2017-08-15 16:54:19
578	770	55	2017-08-15 16:54:24	2017-08-15 16:54:24
579	776	55	2017-08-15 16:54:24	2017-08-15 16:54:24
580	793	55	2017-08-15 16:54:24	2017-08-15 16:54:24
581	771	55	2017-08-15 16:54:31	2017-08-15 16:54:31
582	772	55	2017-08-15 16:54:53	2017-08-15 16:54:53
583	777	55	2017-08-15 16:54:53	2017-08-15 16:54:53
584	802	55	2017-08-15 16:54:53	2017-08-15 16:54:53
585	773	55	2017-08-16 14:36:54	2017-08-16 14:36:54
586	798	55	2017-08-16 14:36:54	2017-08-16 14:36:54
587	774	55	2017-08-16 14:36:59	2017-08-16 14:36:59
588	780	55	2017-08-16 14:36:59	2017-08-16 14:36:59
589	791	55	2017-08-16 14:36:59	2017-08-16 14:36:59
590	775	55	2017-08-16 14:37:05	2017-08-16 14:37:05
591	775	55	2017-08-16 14:37:13	2017-08-16 14:37:13
592	778	55	2017-08-16 14:37:18	2017-08-16 14:37:18
593	787	55	2017-08-16 14:37:18	2017-08-16 14:37:18
594	792	55	2017-08-16 14:37:18	2017-08-16 14:37:18
595	801	55	2017-08-16 14:37:18	2017-08-16 14:37:18
596	779	55	2017-08-16 14:37:24	2017-08-16 14:37:24
597	795	55	2017-08-16 14:37:24	2017-08-16 14:37:24
598	780	55	2017-08-16 14:37:28	2017-08-16 14:37:28
599	781	55	2017-08-16 14:37:34	2017-08-16 14:37:34
600	783	55	2017-08-16 14:38:08	2017-08-16 14:38:08
601	786	55	2017-08-16 14:38:15	2017-08-16 14:38:15
602	788	55	2017-08-16 14:38:20	2017-08-16 14:38:20
603	788	55	2017-08-16 14:38:24	2017-08-16 14:38:24
604	793	55	2017-08-16 14:38:30	2017-08-16 14:38:30
605	790	55	2017-08-16 14:38:38	2017-08-16 14:38:38
606	795	55	2017-08-16 14:38:46	2017-08-16 14:38:46
607	796	55	2017-08-16 14:38:50	2017-08-16 14:38:50
608	800	55	2017-08-16 14:38:50	2017-08-16 14:38:50
609	797	55	2017-08-16 14:38:55	2017-08-16 14:38:55
610	799	55	2017-08-16 14:39:01	2017-08-16 14:39:01
611	801	55	2017-08-16 14:39:33	2017-08-16 14:39:33
612	804	55	2017-08-16 14:39:39	2017-08-16 14:39:39
613	784	55	2017-08-16 14:40:01	2017-08-16 14:40:01
614	857	24	2017-08-21 11:29:16	2017-08-21 11:29:16
615	858	24	2017-08-23 08:31:55	2017-08-23 08:31:55
616	859	24	2017-08-23 08:38:21	2017-08-23 08:38:21
617	860	24	2017-08-23 08:42:20	2017-08-23 08:42:20
618	861	24	2017-08-23 08:46:37	2017-08-23 08:46:37
619	862	24	2017-08-23 08:52:40	2017-08-23 08:52:40
620	863	24	2017-08-23 09:03:45	2017-08-23 09:03:45
621	864	1	2017-09-13 12:40:08	2017-09-13 12:40:08
622	20	60	2017-09-13 13:31:15	2017-09-13 13:31:15
623	47	60	2017-09-13 13:31:15	2017-09-13 13:31:15
624	505	60	2017-09-13 13:31:15	2017-09-13 13:31:15
625	600	60	2017-09-13 13:31:15	2017-09-13 13:31:15
626	602	60	2017-09-13 13:31:15	2017-09-13 13:31:15
627	663	60	2017-09-13 13:31:15	2017-09-13 13:31:15
628	691	60	2017-09-13 13:31:15	2017-09-13 13:31:15
629	108	60	2017-09-13 13:31:15	2017-09-13 13:31:15
630	723	60	2017-09-13 13:31:15	2017-09-13 13:31:15
631	756	60	2017-09-13 13:31:15	2017-09-13 13:31:15
632	154	60	2017-09-13 13:31:15	2017-09-13 13:31:15
633	811	60	2017-09-13 13:31:15	2017-09-13 13:31:15
634	178	60	2017-09-13 13:31:15	2017-09-13 13:31:15
635	179	60	2017-09-13 13:31:15	2017-09-13 13:31:15
636	181	60	2017-09-13 13:31:15	2017-09-13 13:31:15
637	838	60	2017-09-13 13:31:15	2017-09-13 13:31:15
638	199	60	2017-09-13 13:31:15	2017-09-13 13:31:15
639	200	60	2017-09-13 13:31:15	2017-09-13 13:31:15
640	853	60	2017-09-13 13:31:15	2017-09-13 13:31:15
641	201	60	2017-09-13 13:31:15	2017-09-13 13:31:15
642	203	60	2017-09-13 13:31:15	2017-09-13 13:31:15
643	204	60	2017-09-13 13:31:15	2017-09-13 13:31:15
644	205	60	2017-09-13 13:31:15	2017-09-13 13:31:15
645	458	60	2017-09-13 13:31:15	2017-09-13 13:31:15
646	472	60	2017-09-13 13:31:15	2017-09-13 13:31:15
647	452	60	2017-09-13 13:31:15	2017-09-13 13:31:15
648	308	60	2017-09-13 13:31:15	2017-09-13 13:31:15
649	318	60	2017-09-13 13:31:15	2017-09-13 13:31:15
650	325	60	2017-09-13 13:31:15	2017-09-13 13:31:15
651	326	60	2017-09-13 13:31:15	2017-09-13 13:31:15
652	348	60	2017-09-13 13:31:15	2017-09-13 13:31:15
653	362	60	2017-09-13 13:31:15	2017-09-13 13:31:15
654	364	60	2017-09-13 13:31:15	2017-09-13 13:31:15
655	369	60	2017-09-13 13:31:15	2017-09-13 13:31:15
656	392	60	2017-09-13 13:31:15	2017-09-13 13:31:15
657	98	60	2017-09-13 13:31:15	2017-09-13 13:31:15
658	12	60	2017-09-13 13:31:15	2017-09-13 13:31:15
659	13	60	2017-09-13 13:31:15	2017-09-13 13:31:15
660	14	60	2017-09-13 13:31:15	2017-09-13 13:31:15
661	60	60	2017-09-13 13:31:15	2017-09-13 13:31:15
662	62	60	2017-09-13 13:31:15	2017-09-13 13:31:15
663	63	60	2017-09-13 13:31:15	2017-09-13 13:31:15
664	64	60	2017-09-13 13:31:15	2017-09-13 13:31:15
665	65	60	2017-09-13 13:31:15	2017-09-13 13:31:15
666	66	60	2017-09-13 13:31:15	2017-09-13 13:31:15
667	67	60	2017-09-13 13:31:15	2017-09-13 13:31:15
668	68	60	2017-09-13 13:31:15	2017-09-13 13:31:15
669	69	60	2017-09-13 13:31:15	2017-09-13 13:31:15
670	70	60	2017-09-13 13:31:15	2017-09-13 13:31:15
671	71	60	2017-09-13 13:31:15	2017-09-13 13:31:15
672	102	60	2017-09-13 13:31:15	2017-09-13 13:31:15
673	113	60	2017-09-13 13:31:15	2017-09-13 13:31:15
674	155	60	2017-09-13 13:31:15	2017-09-13 13:31:15
675	193	60	2017-09-13 13:31:15	2017-09-13 13:31:15
676	202	60	2017-09-13 13:31:15	2017-09-13 13:31:15
677	206	60	2017-09-13 13:31:15	2017-09-13 13:31:15
678	207	60	2017-09-13 13:31:15	2017-09-13 13:31:15
679	208	60	2017-09-13 13:31:15	2017-09-13 13:31:15
680	209	60	2017-09-13 13:31:15	2017-09-13 13:31:15
681	231	60	2017-09-13 13:31:15	2017-09-13 13:31:15
682	237	60	2017-09-13 13:31:15	2017-09-13 13:31:15
683	393	60	2017-09-13 13:31:15	2017-09-13 13:31:15
684	631	60	2017-09-13 13:31:15	2017-09-13 13:31:15
685	632	60	2017-09-13 13:31:15	2017-09-13 13:31:15
686	633	60	2017-09-13 13:31:15	2017-09-13 13:31:15
687	688	60	2017-09-13 13:31:15	2017-09-13 13:31:15
688	689	60	2017-09-13 13:31:15	2017-09-13 13:31:15
689	703	60	2017-09-13 13:31:15	2017-09-13 13:31:15
690	834	60	2017-09-13 13:31:15	2017-09-13 13:31:15
691	42	60	2017-09-13 13:31:26	2017-09-13 13:31:26
692	90	60	2017-09-13 13:31:26	2017-09-13 13:31:26
693	679	60	2017-09-13 13:31:26	2017-09-13 13:31:26
694	814	60	2017-09-13 13:31:26	2017-09-13 13:31:26
695	181	60	2017-09-13 13:31:26	2017-09-13 13:31:26
696	208	60	2017-09-13 13:31:26	2017-09-13 13:31:26
697	233	60	2017-09-13 13:31:26	2017-09-13 13:31:26
698	280	60	2017-09-13 13:31:26	2017-09-13 13:31:26
699	287	60	2017-09-13 13:31:26	2017-09-13 13:31:26
700	290	60	2017-09-13 13:31:26	2017-09-13 13:31:26
701	449	60	2017-09-13 13:31:26	2017-09-13 13:31:26
702	547	60	2017-09-13 13:31:26	2017-09-13 13:31:26
703	3	60	2017-09-13 13:31:26	2017-09-13 13:31:26
704	9	60	2017-09-13 13:31:26	2017-09-13 13:31:26
705	10	60	2017-09-13 13:31:26	2017-09-13 13:31:26
706	22	60	2017-09-13 13:31:26	2017-09-13 13:31:26
707	33	60	2017-09-13 13:31:26	2017-09-13 13:31:26
708	46	60	2017-09-13 13:31:26	2017-09-13 13:31:26
709	58	60	2017-09-13 13:31:26	2017-09-13 13:31:26
710	59	60	2017-09-13 13:31:26	2017-09-13 13:31:26
711	153	60	2017-09-13 13:31:26	2017-09-13 13:31:26
712	157	60	2017-09-13 13:31:26	2017-09-13 13:31:26
713	165	60	2017-09-13 13:31:26	2017-09-13 13:31:26
714	203	60	2017-09-13 13:31:26	2017-09-13 13:31:26
715	481	60	2017-09-13 13:31:26	2017-09-13 13:31:26
716	239	60	2017-09-13 13:31:26	2017-09-13 13:31:26
717	240	60	2017-09-13 13:31:26	2017-09-13 13:31:26
718	241	60	2017-09-13 13:31:26	2017-09-13 13:31:26
719	242	60	2017-09-13 13:31:26	2017-09-13 13:31:26
720	243	60	2017-09-13 13:31:26	2017-09-13 13:31:26
721	250	60	2017-09-13 13:31:26	2017-09-13 13:31:26
722	283	60	2017-09-13 13:31:26	2017-09-13 13:31:26
723	304	60	2017-09-13 13:31:26	2017-09-13 13:31:26
724	311	60	2017-09-13 13:31:26	2017-09-13 13:31:26
725	343	60	2017-09-13 13:31:26	2017-09-13 13:31:26
726	409	60	2017-09-13 13:31:26	2017-09-13 13:31:26
727	418	60	2017-09-13 13:31:26	2017-09-13 13:31:26
728	421	60	2017-09-13 13:31:26	2017-09-13 13:31:26
729	422	60	2017-09-13 13:31:26	2017-09-13 13:31:26
730	443	60	2017-09-13 13:31:26	2017-09-13 13:31:26
731	444	60	2017-09-13 13:31:26	2017-09-13 13:31:26
732	527	60	2017-09-13 13:31:26	2017-09-13 13:31:26
733	528	60	2017-09-13 13:31:26	2017-09-13 13:31:26
734	601	60	2017-09-13 13:31:26	2017-09-13 13:31:26
735	603	60	2017-09-13 13:31:26	2017-09-13 13:31:26
736	653	60	2017-09-13 13:31:26	2017-09-13 13:31:26
737	654	60	2017-09-13 13:31:26	2017-09-13 13:31:26
738	656	60	2017-09-13 13:31:26	2017-09-13 13:31:26
739	657	60	2017-09-13 13:31:26	2017-09-13 13:31:26
740	658	60	2017-09-13 13:31:26	2017-09-13 13:31:26
741	664	60	2017-09-13 13:31:26	2017-09-13 13:31:26
742	665	60	2017-09-13 13:31:26	2017-09-13 13:31:26
743	692	60	2017-09-13 13:31:26	2017-09-13 13:31:26
744	725	60	2017-09-13 13:31:26	2017-09-13 13:31:26
745	756	60	2017-09-13 13:31:26	2017-09-13 13:31:26
746	809	60	2017-09-13 13:31:26	2017-09-13 13:31:26
747	813	60	2017-09-13 13:31:26	2017-09-13 13:31:26
748	822	60	2017-09-13 13:31:26	2017-09-13 13:31:26
749	853	60	2017-09-13 13:31:26	2017-09-13 13:31:26
750	855	60	2017-09-13 13:31:26	2017-09-13 13:31:26
751	856	60	2017-09-13 13:31:26	2017-09-13 13:31:26
752	493	60	2017-09-13 13:31:36	2017-09-13 13:31:36
753	842	60	2017-09-13 13:31:36	2017-09-13 13:31:36
754	474	60	2017-09-13 13:31:36	2017-09-13 13:31:36
755	437	60	2017-09-13 13:31:36	2017-09-13 13:31:36
756	8	60	2017-09-13 13:31:36	2017-09-13 13:31:36
757	135	60	2017-09-13 13:31:36	2017-09-13 13:31:36
758	712	60	2017-09-13 13:31:36	2017-09-13 13:31:36
759	744	60	2017-09-13 13:31:36	2017-09-13 13:31:36
760	808	60	2017-09-13 13:32:14	2017-09-13 13:32:14
761	210	60	2017-09-13 13:32:14	2017-09-13 13:32:14
762	223	60	2017-09-13 13:32:14	2017-09-13 13:32:14
763	281	60	2017-09-13 13:32:14	2017-09-13 13:32:14
764	282	60	2017-09-13 13:32:14	2017-09-13 13:32:14
765	222	60	2017-09-13 13:32:14	2017-09-13 13:32:14
766	278	60	2017-09-13 13:32:14	2017-09-13 13:32:14
767	279	60	2017-09-13 13:32:14	2017-09-13 13:32:14
768	280	60	2017-09-13 13:32:14	2017-09-13 13:32:14
769	288	60	2017-09-13 13:32:14	2017-09-13 13:32:14
770	356	60	2017-09-13 13:32:14	2017-09-13 13:32:14
771	349	60	2017-09-13 13:32:20	2017-09-13 13:32:20
772	408	60	2017-09-13 13:32:20	2017-09-13 13:32:20
773	1	60	2017-09-13 13:32:20	2017-09-13 13:32:20
774	291	60	2017-09-13 13:32:20	2017-09-13 13:32:20
775	820	60	2017-09-13 13:32:20	2017-09-13 13:32:20
776	344	60	2017-09-13 13:32:28	2017-09-13 13:32:28
777	396	60	2017-09-13 13:32:28	2017-09-13 13:32:28
778	5	60	2017-09-13 13:32:35	2017-09-13 13:32:35
779	81	60	2017-09-13 13:32:35	2017-09-13 13:32:35
780	83	60	2017-09-13 13:32:35	2017-09-13 13:32:35
781	26	60	2017-09-13 13:32:35	2017-09-13 13:32:35
782	151	60	2017-09-13 13:32:35	2017-09-13 13:32:35
783	154	60	2017-09-13 13:32:35	2017-09-13 13:32:35
784	272	60	2017-09-13 13:32:35	2017-09-13 13:32:35
785	404	60	2017-09-13 13:32:35	2017-09-13 13:32:35
786	514	60	2017-09-13 13:32:35	2017-09-13 13:32:35
787	704	60	2017-09-13 13:32:35	2017-09-13 13:32:35
788	709	60	2017-09-13 13:32:35	2017-09-13 13:32:35
789	829	60	2017-09-13 13:32:35	2017-09-13 13:32:35
790	503	60	2017-09-13 13:32:43	2017-09-13 13:32:43
791	84	60	2017-09-13 13:32:43	2017-09-13 13:32:43
792	306	60	2017-09-13 13:32:43	2017-09-13 13:32:43
793	266	60	2017-09-13 13:32:43	2017-09-13 13:32:43
794	437	60	2017-09-13 13:32:43	2017-09-13 13:32:43
795	380	60	2017-09-13 13:32:43	2017-09-13 13:32:43
796	387	60	2017-09-13 13:32:43	2017-09-13 13:32:43
797	236	60	2017-09-13 13:32:43	2017-09-13 13:32:43
798	316	60	2017-09-13 13:32:43	2017-09-13 13:32:43
799	438	60	2017-09-13 13:32:43	2017-09-13 13:32:43
800	650	60	2017-09-13 13:32:43	2017-09-13 13:32:43
801	28	60	2017-09-13 13:32:52	2017-09-13 13:32:52
802	642	60	2017-09-13 13:32:52	2017-09-13 13:32:52
803	677	60	2017-09-13 13:32:52	2017-09-13 13:32:52
804	755	60	2017-09-13 13:32:52	2017-09-13 13:32:52
805	177	60	2017-09-13 13:32:52	2017-09-13 13:32:52
806	834	60	2017-09-13 13:32:52	2017-09-13 13:32:52
807	273	60	2017-09-13 13:32:52	2017-09-13 13:32:52
808	413	60	2017-09-13 13:32:52	2017-09-13 13:32:52
809	204	60	2017-09-13 13:32:52	2017-09-13 13:32:52
810	521	60	2017-09-13 13:32:52	2017-09-13 13:32:52
811	596	60	2017-09-13 13:32:52	2017-09-13 13:32:52
812	854	60	2017-09-13 13:32:52	2017-09-13 13:32:52
813	16	60	2017-09-13 13:32:59	2017-09-13 13:32:59
814	146	60	2017-09-13 13:32:59	2017-09-13 13:32:59
815	223	60	2017-09-13 13:32:59	2017-09-13 13:32:59
816	469	60	2017-09-13 13:32:59	2017-09-13 13:32:59
817	470	60	2017-09-13 13:32:59	2017-09-13 13:32:59
818	720	60	2017-09-13 13:32:59	2017-09-13 13:32:59
819	729	60	2017-09-13 13:32:59	2017-09-13 13:32:59
820	288	60	2017-09-13 13:33:06	2017-09-13 13:33:06
821	73	60	2017-09-13 13:33:06	2017-09-13 13:33:06
822	177	60	2017-09-13 13:33:06	2017-09-13 13:33:06
823	434	60	2017-09-13 13:33:06	2017-09-13 13:33:06
824	459	60	2017-09-13 13:33:06	2017-09-13 13:33:06
825	863	60	2017-09-13 13:33:12	2017-09-13 13:33:12
826	210	60	2017-09-13 13:33:12	2017-09-13 13:33:12
827	503	60	2017-09-13 13:33:12	2017-09-13 13:33:12
828	643	60	2017-09-13 13:33:12	2017-09-13 13:33:12
829	674	60	2017-09-13 13:33:12	2017-09-13 13:33:12
830	757	60	2017-09-13 13:33:12	2017-09-13 13:33:12
831	758	60	2017-09-13 13:33:12	2017-09-13 13:33:12
832	759	60	2017-09-13 13:33:12	2017-09-13 13:33:12
833	760	60	2017-09-13 13:33:12	2017-09-13 13:33:12
834	761	60	2017-09-13 13:33:12	2017-09-13 13:33:12
835	762	60	2017-09-13 13:33:12	2017-09-13 13:33:12
836	763	60	2017-09-13 13:33:12	2017-09-13 13:33:12
837	857	60	2017-09-13 13:33:12	2017-09-13 13:33:12
838	858	60	2017-09-13 13:33:12	2017-09-13 13:33:12
839	859	60	2017-09-13 13:33:12	2017-09-13 13:33:12
840	860	60	2017-09-13 13:33:12	2017-09-13 13:33:12
841	861	60	2017-09-13 13:33:12	2017-09-13 13:33:12
842	862	60	2017-09-13 13:33:12	2017-09-13 13:33:12
843	278	60	2017-09-13 13:33:18	2017-09-13 13:33:18
844	284	60	2017-09-13 13:33:18	2017-09-13 13:33:18
845	294	60	2017-09-13 13:33:18	2017-09-13 13:33:18
846	57	60	2017-09-13 13:33:18	2017-09-13 13:33:18
847	281	60	2017-09-13 13:33:18	2017-09-13 13:33:18
848	864	60	2017-09-13 13:33:18	2017-09-13 13:33:18
849	446	60	2017-09-13 13:33:26	2017-09-13 13:33:26
850	18	60	2017-09-13 13:33:31	2017-09-13 13:33:31
851	28	60	2017-09-13 13:33:31	2017-09-13 13:33:31
852	51	60	2017-09-13 13:33:31	2017-09-13 13:33:31
853	507	60	2017-09-13 13:33:31	2017-09-13 13:33:31
854	20	62	2017-09-15 12:01:31	2017-09-15 12:01:31
855	47	62	2017-09-15 12:01:31	2017-09-15 12:01:31
856	505	62	2017-09-15 12:01:31	2017-09-15 12:01:31
857	600	62	2017-09-15 12:01:31	2017-09-15 12:01:31
858	602	62	2017-09-15 12:01:31	2017-09-15 12:01:31
859	663	62	2017-09-15 12:01:31	2017-09-15 12:01:31
860	691	62	2017-09-15 12:01:31	2017-09-15 12:01:31
861	108	62	2017-09-15 12:01:31	2017-09-15 12:01:31
862	723	62	2017-09-15 12:01:31	2017-09-15 12:01:31
863	756	62	2017-09-15 12:01:31	2017-09-15 12:01:31
864	154	62	2017-09-15 12:01:31	2017-09-15 12:01:31
865	811	62	2017-09-15 12:01:31	2017-09-15 12:01:31
866	178	62	2017-09-15 12:01:31	2017-09-15 12:01:31
867	179	62	2017-09-15 12:01:31	2017-09-15 12:01:31
868	181	62	2017-09-15 12:01:31	2017-09-15 12:01:31
869	838	62	2017-09-15 12:01:31	2017-09-15 12:01:31
870	199	62	2017-09-15 12:01:31	2017-09-15 12:01:31
871	200	62	2017-09-15 12:01:31	2017-09-15 12:01:31
872	853	62	2017-09-15 12:01:31	2017-09-15 12:01:31
873	201	62	2017-09-15 12:01:31	2017-09-15 12:01:31
874	203	62	2017-09-15 12:01:31	2017-09-15 12:01:31
875	204	62	2017-09-15 12:01:31	2017-09-15 12:01:31
876	205	62	2017-09-15 12:01:31	2017-09-15 12:01:31
877	458	62	2017-09-15 12:01:31	2017-09-15 12:01:31
878	472	62	2017-09-15 12:01:31	2017-09-15 12:01:31
879	452	62	2017-09-15 12:01:31	2017-09-15 12:01:31
880	308	62	2017-09-15 12:01:31	2017-09-15 12:01:31
881	318	62	2017-09-15 12:01:31	2017-09-15 12:01:31
882	325	62	2017-09-15 12:01:31	2017-09-15 12:01:31
883	326	62	2017-09-15 12:01:31	2017-09-15 12:01:31
884	348	62	2017-09-15 12:01:31	2017-09-15 12:01:31
885	362	62	2017-09-15 12:01:31	2017-09-15 12:01:31
886	364	62	2017-09-15 12:01:31	2017-09-15 12:01:31
887	369	62	2017-09-15 12:01:31	2017-09-15 12:01:31
888	392	62	2017-09-15 12:01:31	2017-09-15 12:01:31
889	98	62	2017-09-15 12:01:31	2017-09-15 12:01:31
890	12	62	2017-09-15 12:01:31	2017-09-15 12:01:31
891	13	62	2017-09-15 12:01:31	2017-09-15 12:01:31
892	14	62	2017-09-15 12:01:31	2017-09-15 12:01:31
893	60	62	2017-09-15 12:01:31	2017-09-15 12:01:31
894	62	62	2017-09-15 12:01:31	2017-09-15 12:01:31
895	63	62	2017-09-15 12:01:31	2017-09-15 12:01:31
896	64	62	2017-09-15 12:01:31	2017-09-15 12:01:31
897	65	62	2017-09-15 12:01:31	2017-09-15 12:01:31
898	66	62	2017-09-15 12:01:31	2017-09-15 12:01:31
899	67	62	2017-09-15 12:01:31	2017-09-15 12:01:31
900	68	62	2017-09-15 12:01:31	2017-09-15 12:01:31
901	69	62	2017-09-15 12:01:31	2017-09-15 12:01:31
902	70	62	2017-09-15 12:01:31	2017-09-15 12:01:31
903	71	62	2017-09-15 12:01:31	2017-09-15 12:01:31
904	102	62	2017-09-15 12:01:31	2017-09-15 12:01:31
905	113	62	2017-09-15 12:01:31	2017-09-15 12:01:31
906	155	62	2017-09-15 12:01:31	2017-09-15 12:01:31
907	193	62	2017-09-15 12:01:31	2017-09-15 12:01:31
908	202	62	2017-09-15 12:01:31	2017-09-15 12:01:31
909	206	62	2017-09-15 12:01:31	2017-09-15 12:01:31
910	207	62	2017-09-15 12:01:31	2017-09-15 12:01:31
911	208	62	2017-09-15 12:01:31	2017-09-15 12:01:31
912	209	62	2017-09-15 12:01:31	2017-09-15 12:01:31
913	231	62	2017-09-15 12:01:31	2017-09-15 12:01:31
914	237	62	2017-09-15 12:01:31	2017-09-15 12:01:31
915	393	62	2017-09-15 12:01:31	2017-09-15 12:01:31
916	631	62	2017-09-15 12:01:31	2017-09-15 12:01:31
917	632	62	2017-09-15 12:01:31	2017-09-15 12:01:31
918	633	62	2017-09-15 12:01:31	2017-09-15 12:01:31
919	688	62	2017-09-15 12:01:31	2017-09-15 12:01:31
920	689	62	2017-09-15 12:01:31	2017-09-15 12:01:31
921	703	62	2017-09-15 12:01:31	2017-09-15 12:01:31
922	834	62	2017-09-15 12:01:31	2017-09-15 12:01:31
923	7	62	2017-09-15 12:01:37	2017-09-15 12:01:37
924	19	62	2017-09-15 12:01:37	2017-09-15 12:01:37
925	41	62	2017-09-15 12:01:37	2017-09-15 12:01:37
926	504	62	2017-09-15 12:01:37	2017-09-15 12:01:37
927	105	62	2017-09-15 12:01:37	2017-09-15 12:01:37
928	115	62	2017-09-15 12:01:37	2017-09-15 12:01:37
929	728	62	2017-09-15 12:01:37	2017-09-15 12:01:37
930	132	62	2017-09-15 12:01:37	2017-09-15 12:01:37
931	143	62	2017-09-15 12:01:37	2017-09-15 12:01:37
932	758	62	2017-09-15 12:01:37	2017-09-15 12:01:37
933	146	62	2017-09-15 12:01:37	2017-09-15 12:01:37
934	151	62	2017-09-15 12:01:37	2017-09-15 12:01:37
935	163	62	2017-09-15 12:01:37	2017-09-15 12:01:37
936	169	62	2017-09-15 12:01:37	2017-09-15 12:01:37
937	179	62	2017-09-15 12:01:37	2017-09-15 12:01:37
938	193	62	2017-09-15 12:01:37	2017-09-15 12:01:37
939	196	62	2017-09-15 12:01:37	2017-09-15 12:01:37
940	848	62	2017-09-15 12:01:37	2017-09-15 12:01:37
941	849	62	2017-09-15 12:01:37	2017-09-15 12:01:37
942	219	62	2017-09-15 12:01:37	2017-09-15 12:01:37
943	335	62	2017-09-15 12:01:37	2017-09-15 12:01:37
944	342	62	2017-09-15 12:01:37	2017-09-15 12:01:37
945	350	62	2017-09-15 12:01:37	2017-09-15 12:01:37
946	11	62	2017-09-15 12:01:37	2017-09-15 12:01:37
947	30	62	2017-09-15 12:01:37	2017-09-15 12:01:37
948	158	62	2017-09-15 12:01:37	2017-09-15 12:01:37
949	171	62	2017-09-15 12:01:37	2017-09-15 12:01:37
950	178	62	2017-09-15 12:01:37	2017-09-15 12:01:37
951	180	62	2017-09-15 12:01:37	2017-09-15 12:01:37
952	187	62	2017-09-15 12:01:37	2017-09-15 12:01:37
953	384	62	2017-09-15 12:01:37	2017-09-15 12:01:37
954	385	62	2017-09-15 12:01:37	2017-09-15 12:01:37
955	398	62	2017-09-15 12:01:37	2017-09-15 12:01:37
956	515	62	2017-09-15 12:01:37	2017-09-15 12:01:37
957	547	62	2017-09-15 12:01:37	2017-09-15 12:01:37
958	721	62	2017-09-15 12:01:37	2017-09-15 12:01:37
959	722	62	2017-09-15 12:01:37	2017-09-15 12:01:37
960	2	62	2017-09-15 12:01:42	2017-09-15 12:01:42
961	819	62	2017-09-15 12:01:42	2017-09-15 12:01:42
962	349	62	2017-09-15 12:13:32	2017-09-15 12:13:32
963	408	62	2017-09-15 12:13:32	2017-09-15 12:13:32
964	1	62	2017-09-15 12:13:32	2017-09-15 12:13:32
965	291	62	2017-09-15 12:13:32	2017-09-15 12:13:32
966	820	62	2017-09-15 12:13:32	2017-09-15 12:13:32
967	344	62	2017-09-15 12:13:37	2017-09-15 12:13:37
968	396	62	2017-09-15 12:13:37	2017-09-15 12:13:37
969	278	62	2017-09-15 12:14:22	2017-09-15 12:14:22
970	284	62	2017-09-15 12:14:22	2017-09-15 12:14:22
971	294	62	2017-09-15 12:14:22	2017-09-15 12:14:22
972	57	62	2017-09-15 12:14:22	2017-09-15 12:14:22
973	281	62	2017-09-15 12:14:22	2017-09-15 12:14:22
974	864	62	2017-09-15 12:14:22	2017-09-15 12:14:22
975	13	62	2017-09-15 12:14:27	2017-09-15 12:14:27
976	812	62	2017-09-15 12:14:27	2017-09-15 12:14:27
977	37	62	2017-09-15 12:14:27	2017-09-15 12:14:27
978	38	62	2017-09-15 12:14:27	2017-09-15 12:14:27
979	61	62	2017-09-15 12:14:27	2017-09-15 12:14:27
980	406	62	2017-09-15 12:14:27	2017-09-15 12:14:27
981	13	63	2017-09-15 12:18:20	2017-09-15 12:18:20
982	812	63	2017-09-15 12:18:20	2017-09-15 12:18:20
983	37	63	2017-09-15 12:18:20	2017-09-15 12:18:20
984	38	63	2017-09-15 12:18:20	2017-09-15 12:18:20
985	61	63	2017-09-15 12:18:20	2017-09-15 12:18:20
986	406	63	2017-09-15 12:18:20	2017-09-15 12:18:20
987	278	63	2017-09-15 12:18:27	2017-09-15 12:18:27
988	284	63	2017-09-15 12:18:27	2017-09-15 12:18:27
989	294	63	2017-09-15 12:18:27	2017-09-15 12:18:27
990	57	63	2017-09-15 12:18:27	2017-09-15 12:18:27
991	281	63	2017-09-15 12:18:27	2017-09-15 12:18:27
992	864	63	2017-09-15 12:18:27	2017-09-15 12:18:27
993	344	63	2017-09-15 12:18:38	2017-09-15 12:18:38
994	396	63	2017-09-15 12:18:38	2017-09-15 12:18:38
995	349	63	2017-09-15 12:18:44	2017-09-15 12:18:44
996	408	63	2017-09-15 12:18:44	2017-09-15 12:18:44
997	1	63	2017-09-15 12:18:44	2017-09-15 12:18:44
998	291	63	2017-09-15 12:18:44	2017-09-15 12:18:44
999	820	63	2017-09-15 12:18:44	2017-09-15 12:18:44
1000	2	63	2017-09-15 12:18:50	2017-09-15 12:18:50
1001	819	63	2017-09-15 12:18:50	2017-09-15 12:18:50
1002	7	63	2017-09-15 12:18:55	2017-09-15 12:18:55
1003	19	63	2017-09-15 12:18:55	2017-09-15 12:18:55
1004	41	63	2017-09-15 12:18:55	2017-09-15 12:18:55
1005	504	63	2017-09-15 12:18:55	2017-09-15 12:18:55
1006	105	63	2017-09-15 12:18:55	2017-09-15 12:18:55
1007	115	63	2017-09-15 12:18:55	2017-09-15 12:18:55
1008	728	63	2017-09-15 12:18:55	2017-09-15 12:18:55
1009	132	63	2017-09-15 12:18:55	2017-09-15 12:18:55
1010	143	63	2017-09-15 12:18:55	2017-09-15 12:18:55
1011	758	63	2017-09-15 12:18:55	2017-09-15 12:18:55
1012	146	63	2017-09-15 12:18:55	2017-09-15 12:18:55
1013	151	63	2017-09-15 12:18:55	2017-09-15 12:18:55
1014	163	63	2017-09-15 12:18:55	2017-09-15 12:18:55
1015	169	63	2017-09-15 12:18:55	2017-09-15 12:18:55
1016	179	63	2017-09-15 12:18:55	2017-09-15 12:18:55
1017	193	63	2017-09-15 12:18:55	2017-09-15 12:18:55
1018	196	63	2017-09-15 12:18:55	2017-09-15 12:18:55
1019	848	63	2017-09-15 12:18:55	2017-09-15 12:18:55
1020	849	63	2017-09-15 12:18:55	2017-09-15 12:18:55
1021	219	63	2017-09-15 12:18:55	2017-09-15 12:18:55
1022	335	63	2017-09-15 12:18:55	2017-09-15 12:18:55
1023	342	63	2017-09-15 12:18:55	2017-09-15 12:18:55
1024	350	63	2017-09-15 12:18:55	2017-09-15 12:18:55
1025	11	63	2017-09-15 12:18:55	2017-09-15 12:18:55
1026	30	63	2017-09-15 12:18:55	2017-09-15 12:18:55
1027	158	63	2017-09-15 12:18:55	2017-09-15 12:18:55
1028	171	63	2017-09-15 12:18:55	2017-09-15 12:18:55
1029	178	63	2017-09-15 12:18:55	2017-09-15 12:18:55
1030	180	63	2017-09-15 12:18:55	2017-09-15 12:18:55
1031	187	63	2017-09-15 12:18:55	2017-09-15 12:18:55
1032	384	63	2017-09-15 12:18:55	2017-09-15 12:18:55
1033	385	63	2017-09-15 12:18:55	2017-09-15 12:18:55
1034	398	63	2017-09-15 12:18:55	2017-09-15 12:18:55
1035	515	63	2017-09-15 12:18:55	2017-09-15 12:18:55
1036	547	63	2017-09-15 12:18:55	2017-09-15 12:18:55
1037	721	63	2017-09-15 12:18:55	2017-09-15 12:18:55
1038	722	63	2017-09-15 12:18:55	2017-09-15 12:18:55
1039	20	63	2017-09-15 12:18:59	2017-09-15 12:18:59
1040	47	63	2017-09-15 12:18:59	2017-09-15 12:18:59
1041	505	63	2017-09-15 12:18:59	2017-09-15 12:18:59
1042	600	63	2017-09-15 12:18:59	2017-09-15 12:18:59
1043	602	63	2017-09-15 12:18:59	2017-09-15 12:18:59
1044	663	63	2017-09-15 12:18:59	2017-09-15 12:18:59
1045	691	63	2017-09-15 12:18:59	2017-09-15 12:18:59
1046	108	63	2017-09-15 12:18:59	2017-09-15 12:18:59
1047	723	63	2017-09-15 12:18:59	2017-09-15 12:18:59
1048	756	63	2017-09-15 12:18:59	2017-09-15 12:18:59
1049	154	63	2017-09-15 12:18:59	2017-09-15 12:18:59
1050	811	63	2017-09-15 12:18:59	2017-09-15 12:18:59
1051	178	63	2017-09-15 12:18:59	2017-09-15 12:18:59
1052	179	63	2017-09-15 12:18:59	2017-09-15 12:18:59
1053	181	63	2017-09-15 12:18:59	2017-09-15 12:18:59
1054	838	63	2017-09-15 12:18:59	2017-09-15 12:18:59
1055	199	63	2017-09-15 12:18:59	2017-09-15 12:18:59
1056	200	63	2017-09-15 12:18:59	2017-09-15 12:18:59
1057	853	63	2017-09-15 12:18:59	2017-09-15 12:18:59
1058	201	63	2017-09-15 12:18:59	2017-09-15 12:18:59
1059	203	63	2017-09-15 12:18:59	2017-09-15 12:18:59
1060	204	63	2017-09-15 12:18:59	2017-09-15 12:18:59
1061	205	63	2017-09-15 12:18:59	2017-09-15 12:18:59
1062	458	63	2017-09-15 12:18:59	2017-09-15 12:18:59
1063	472	63	2017-09-15 12:18:59	2017-09-15 12:18:59
1064	452	63	2017-09-15 12:18:59	2017-09-15 12:18:59
1065	308	63	2017-09-15 12:18:59	2017-09-15 12:18:59
1066	318	63	2017-09-15 12:18:59	2017-09-15 12:18:59
1067	325	63	2017-09-15 12:18:59	2017-09-15 12:18:59
1068	326	63	2017-09-15 12:18:59	2017-09-15 12:18:59
1069	348	63	2017-09-15 12:18:59	2017-09-15 12:18:59
1070	362	63	2017-09-15 12:18:59	2017-09-15 12:18:59
1071	364	63	2017-09-15 12:18:59	2017-09-15 12:18:59
1072	369	63	2017-09-15 12:18:59	2017-09-15 12:18:59
1073	392	63	2017-09-15 12:18:59	2017-09-15 12:18:59
1074	98	63	2017-09-15 12:18:59	2017-09-15 12:18:59
1075	12	63	2017-09-15 12:18:59	2017-09-15 12:18:59
1076	13	63	2017-09-15 12:18:59	2017-09-15 12:18:59
1077	14	63	2017-09-15 12:18:59	2017-09-15 12:18:59
1078	60	63	2017-09-15 12:18:59	2017-09-15 12:18:59
1079	62	63	2017-09-15 12:18:59	2017-09-15 12:18:59
1080	63	63	2017-09-15 12:18:59	2017-09-15 12:18:59
1081	64	63	2017-09-15 12:18:59	2017-09-15 12:18:59
1082	65	63	2017-09-15 12:18:59	2017-09-15 12:18:59
1083	66	63	2017-09-15 12:18:59	2017-09-15 12:18:59
1084	67	63	2017-09-15 12:18:59	2017-09-15 12:18:59
1085	68	63	2017-09-15 12:18:59	2017-09-15 12:18:59
1086	69	63	2017-09-15 12:18:59	2017-09-15 12:18:59
1087	70	63	2017-09-15 12:18:59	2017-09-15 12:18:59
1088	71	63	2017-09-15 12:18:59	2017-09-15 12:18:59
1089	102	63	2017-09-15 12:18:59	2017-09-15 12:18:59
1090	113	63	2017-09-15 12:18:59	2017-09-15 12:18:59
1091	155	63	2017-09-15 12:18:59	2017-09-15 12:18:59
1092	193	63	2017-09-15 12:18:59	2017-09-15 12:18:59
1093	202	63	2017-09-15 12:18:59	2017-09-15 12:18:59
1094	206	63	2017-09-15 12:18:59	2017-09-15 12:18:59
1095	207	63	2017-09-15 12:18:59	2017-09-15 12:18:59
1096	208	63	2017-09-15 12:18:59	2017-09-15 12:18:59
1097	209	63	2017-09-15 12:18:59	2017-09-15 12:18:59
1098	231	63	2017-09-15 12:18:59	2017-09-15 12:18:59
1099	237	63	2017-09-15 12:18:59	2017-09-15 12:18:59
1100	393	63	2017-09-15 12:18:59	2017-09-15 12:18:59
1101	631	63	2017-09-15 12:18:59	2017-09-15 12:18:59
1102	632	63	2017-09-15 12:18:59	2017-09-15 12:18:59
1103	633	63	2017-09-15 12:18:59	2017-09-15 12:18:59
1104	688	63	2017-09-15 12:18:59	2017-09-15 12:18:59
1105	689	63	2017-09-15 12:18:59	2017-09-15 12:18:59
1106	703	63	2017-09-15 12:18:59	2017-09-15 12:18:59
1107	834	63	2017-09-15 12:18:59	2017-09-15 12:18:59
1108	865	1	2017-09-17 09:07:32	2017-09-17 09:07:32
1109	866	1	2017-09-17 09:23:49	2017-09-17 09:23:49
1110	867	1	2017-09-17 09:28:06	2017-09-17 09:28:06
1111	868	1	2017-09-17 09:30:04	2017-09-17 09:30:04
1112	869	1	2017-09-17 09:31:56	2017-09-17 09:31:56
1113	870	1	2017-09-17 09:34:09	2017-09-17 09:34:09
1114	871	1	2017-09-17 09:35:16	2017-09-17 09:35:16
1115	872	1	2017-09-17 09:36:30	2017-09-17 09:36:30
1116	873	1	2017-09-17 09:37:33	2017-09-17 09:37:33
1117	874	1	2017-09-17 09:38:27	2017-09-17 09:38:27
1118	875	1	2017-09-17 09:39:41	2017-09-17 09:39:41
1119	876	1	2017-09-17 09:49:25	2017-09-17 09:49:25
1120	877	1	2017-09-17 09:52:06	2017-09-17 09:52:06
1121	878	1	2017-09-17 09:54:36	2017-09-17 09:54:36
1122	879	1	2017-09-17 09:56:16	2017-09-17 09:56:16
1123	880	1	2017-09-17 09:57:07	2017-09-17 09:57:07
1124	881	1	2017-09-17 09:58:57	2017-09-17 09:58:57
1125	882	1	2017-09-17 09:59:50	2017-09-17 09:59:50
1126	883	1	2017-09-17 10:02:56	2017-09-17 10:02:56
1127	884	1	2017-09-17 10:04:32	2017-09-17 10:04:32
1128	885	1	2017-09-17 10:07:25	2017-09-17 10:07:25
1129	886	1	2017-09-17 10:08:30	2017-09-17 10:08:30
1130	887	1	2017-09-17 10:10:34	2017-09-17 10:10:34
1131	888	1	2017-09-17 10:20:07	2017-09-17 10:20:07
1132	889	1	2017-09-17 10:23:42	2017-09-17 10:23:42
1133	889	7	2017-09-17 10:23:42	2017-09-17 10:23:42
1134	890	1	2017-09-17 10:25:45	2017-09-17 10:25:45
1135	891	1	2017-09-17 10:26:37	2017-09-17 10:26:37
1136	892	1	2017-09-17 10:28:23	2017-09-17 10:28:23
1137	893	1	2017-09-17 10:30:44	2017-09-17 10:30:44
1138	894	1	2017-09-17 10:31:41	2017-09-17 10:31:41
1139	895	17	2017-09-17 22:20:38	2017-09-17 22:20:38
1140	896	17	2017-09-17 22:26:25	2017-09-17 22:26:25
1141	897	17	2017-09-17 22:34:47	2017-09-17 22:34:47
1142	898	17	2017-09-17 22:47:00	2017-09-17 22:47:00
1143	898	30	2017-09-17 22:47:00	2017-09-17 22:47:00
1144	898	34	2017-09-17 22:47:00	2017-09-17 22:47:00
1145	899	17	2017-09-17 22:49:05	2017-09-17 22:49:05
1146	899	60	2017-09-17 22:49:05	2017-09-17 22:49:05
1147	900	17	2017-09-17 22:52:05	2017-09-17 22:52:05
1148	901	1	2017-09-18 12:36:35	2017-09-18 12:36:35
1149	901	60	2017-09-18 12:36:35	2017-09-18 12:36:35
1150	901	62	2017-09-18 12:36:35	2017-09-18 12:36:35
1151	901	63	2017-09-18 12:36:35	2017-09-18 12:36:35
1152	902	1	2017-09-18 12:38:24	2017-09-18 12:38:24
1153	903	1	2017-09-18 12:39:58	2017-09-18 12:39:58
1154	904	1	2017-09-18 12:41:39	2017-09-18 12:41:39
1155	905	1	2017-09-18 12:43:27	2017-09-18 12:43:27
1156	906	1	2017-09-18 12:45:09	2017-09-18 12:45:09
1157	907	1	2017-09-18 12:45:58	2017-09-18 12:45:58
1158	908	1	2017-09-18 12:47:25	2017-09-18 12:47:25
1159	908	60	2017-09-18 12:47:25	2017-09-18 12:47:25
1160	908	30	2017-09-18 12:47:25	2017-09-18 12:47:25
1161	908	34	2017-09-18 12:47:25	2017-09-18 12:47:25
1162	909	1	2017-09-18 12:48:10	2017-09-18 12:48:10
1163	910	1	2017-09-18 12:50:19	2017-09-18 12:50:19
1164	911	1	2017-09-18 12:51:39	2017-09-18 12:51:39
1165	912	1	2017-09-18 12:52:33	2017-09-18 12:52:33
1166	913	1	2017-09-18 12:53:21	2017-09-18 12:53:21
1167	914	1	2017-09-18 13:12:27	2017-09-18 13:12:27
1168	915	1	2017-09-18 13:14:57	2017-09-18 13:14:57
1169	916	1	2017-09-18 13:30:11	2017-09-18 13:30:11
1170	917	1	2017-09-18 13:31:10	2017-09-18 13:31:10
1171	917	60	2017-09-18 13:31:10	2017-09-18 13:31:10
1172	917	62	2017-09-18 13:31:10	2017-09-18 13:31:10
1173	917	63	2017-09-18 13:31:10	2017-09-18 13:31:10
1174	918	1	2017-09-18 13:32:03	2017-09-18 13:32:03
1175	919	1	2017-09-18 13:36:38	2017-09-18 13:36:38
1176	920	1	2017-09-18 13:38:48	2017-09-18 13:38:48
1177	921	1	2017-09-18 14:58:54	2017-09-18 14:58:54
1178	922	1	2017-09-18 15:04:18	2017-09-18 15:04:18
1179	923	1	2017-09-18 15:05:43	2017-09-18 15:05:43
1180	924	1	2017-09-18 15:07:02	2017-09-18 15:07:02
1181	925	1	2017-09-18 15:08:34	2017-09-18 15:08:34
1182	926	1	2017-09-18 15:11:00	2017-09-18 15:11:00
1183	927	1	2017-09-18 15:13:15	2017-09-18 15:13:15
1184	928	1	2017-09-18 15:14:09	2017-09-18 15:14:09
1185	929	1	2017-09-18 15:15:28	2017-09-18 15:15:28
1186	930	1	2017-09-18 15:18:24	2017-09-18 15:18:24
1187	930	60	2017-09-18 15:18:24	2017-09-18 15:18:24
1188	930	60	2017-09-18 15:18:24	2017-09-18 15:18:24
1189	930	62	2017-09-18 15:18:24	2017-09-18 15:18:24
1190	930	63	2017-09-18 15:18:24	2017-09-18 15:18:24
1191	931	1	2017-09-18 15:23:13	2017-09-18 15:23:13
1192	931	60	2017-09-18 15:23:13	2017-09-18 15:23:13
1193	932	1	2017-09-18 15:35:33	2017-09-18 15:35:33
1194	933	1	2017-09-18 15:36:32	2017-09-18 15:36:32
1195	933	60	2017-09-18 15:36:32	2017-09-18 15:36:32
1196	933	62	2017-09-18 15:36:32	2017-09-18 15:36:32
1197	933	63	2017-09-18 15:36:32	2017-09-18 15:36:32
1198	934	1	2017-09-18 15:39:01	2017-09-18 15:39:01
1199	935	1	2017-09-18 15:40:43	2017-09-18 15:40:43
1200	936	1	2017-09-18 15:41:29	2017-09-18 15:41:29
1201	937	1	2017-09-18 15:42:44	2017-09-18 15:42:44
1202	938	1	2017-09-18 15:48:36	2017-09-18 15:48:36
1203	939	1	2017-09-18 15:49:58	2017-09-18 15:49:58
1204	940	1	2017-09-18 15:51:28	2017-09-18 15:51:28
1205	941	1	2017-09-18 15:53:49	2017-09-18 15:53:49
1206	942	1	2017-09-18 15:59:41	2017-09-18 15:59:41
1207	943	1	2017-09-18 16:01:10	2017-09-18 16:01:10
1208	944	1	2017-09-18 16:09:55	2017-09-18 16:09:55
1209	945	1	2017-09-18 16:15:31	2017-09-18 16:15:31
1210	946	1	2017-09-18 16:22:06	2017-09-18 16:22:06
1211	946	52	2017-09-18 16:22:06	2017-09-18 16:22:06
1212	946	60	2017-09-18 16:22:06	2017-09-18 16:22:06
1213	946	62	2017-09-18 16:22:06	2017-09-18 16:22:06
1214	946	63	2017-09-18 16:22:06	2017-09-18 16:22:06
1215	947	1	2017-09-18 16:25:41	2017-09-18 16:25:41
1216	948	1	2017-09-18 16:29:38	2017-09-18 16:29:38
1217	949	1	2017-09-18 16:30:40	2017-09-18 16:30:40
1218	950	1	2017-09-18 16:32:24	2017-09-18 16:32:24
1219	951	1	2017-09-18 16:34:30	2017-09-18 16:34:30
1220	952	1	2017-09-18 16:35:19	2017-09-18 16:35:19
1221	953	1	2017-09-18 16:49:57	2017-09-18 16:49:57
1222	953	60	2017-09-18 16:49:57	2017-09-18 16:49:57
1223	954	1	2017-09-18 16:54:18	2017-09-18 16:54:18
1224	955	1	2017-09-18 16:55:24	2017-09-18 16:55:24
1225	956	1	2017-09-18 17:01:32	2017-09-18 17:01:32
1226	956	60	2017-09-18 17:01:32	2017-09-18 17:01:32
1227	956	62	2017-09-18 17:01:32	2017-09-18 17:01:32
1228	956	63	2017-09-18 17:01:32	2017-09-18 17:01:32
1229	957	1	2017-09-18 17:02:55	2017-09-18 17:02:55
1230	957	60	2017-09-18 17:02:55	2017-09-18 17:02:55
1231	957	62	2017-09-18 17:02:55	2017-09-18 17:02:55
1232	957	63	2017-09-18 17:02:55	2017-09-18 17:02:55
1233	958	1	2017-09-19 13:48:26	2017-09-19 13:48:26
1234	959	1	2017-09-19 13:54:54	2017-09-19 13:54:54
1235	959	60	2017-09-19 13:54:54	2017-09-19 13:54:54
1236	960	1	2017-09-19 13:58:32	2017-09-19 13:58:32
1237	961	1	2017-09-19 14:15:26	2017-09-19 14:15:26
1238	962	1	2017-09-19 14:17:39	2017-09-19 14:17:39
1239	963	1	2017-09-19 14:19:49	2017-09-19 14:19:49
1240	964	1	2017-09-19 14:21:28	2017-09-19 14:21:28
1241	965	1	2017-09-19 14:22:53	2017-09-19 14:22:53
1242	966	1	2017-09-19 14:23:39	2017-09-19 14:23:39
1243	967	1	2017-09-19 14:24:30	2017-09-19 14:24:30
1244	968	1	2017-09-19 14:26:05	2017-09-19 14:26:05
1245	969	1	2017-09-19 14:26:41	2017-09-19 14:26:41
1246	970	1	2017-09-19 14:27:27	2017-09-19 14:27:27
1247	971	1	2017-09-19 14:29:10	2017-09-19 14:29:10
1248	971	60	2017-09-19 14:29:10	2017-09-19 14:29:10
1249	971	62	2017-09-19 14:29:10	2017-09-19 14:29:10
1250	971	63	2017-09-19 14:29:10	2017-09-19 14:29:10
1251	972	1	2017-09-19 14:31:31	2017-09-19 14:31:31
1252	973	1	2017-09-19 14:33:19	2017-09-19 14:33:19
1253	974	1	2017-09-19 14:34:55	2017-09-19 14:34:55
1254	975	1	2017-09-19 14:36:35	2017-09-19 14:36:35
1255	975	52	2017-09-19 14:36:35	2017-09-19 14:36:35
1256	976	1	2017-09-19 14:37:22	2017-09-19 14:37:22
1257	977	1	2017-09-19 14:38:07	2017-09-19 14:38:07
1258	978	1	2017-09-19 14:39:18	2017-09-19 14:39:18
1259	979	1	2017-09-19 14:41:02	2017-09-19 14:41:02
1260	980	1	2017-09-19 14:42:11	2017-09-19 14:42:11
1261	981	1	2017-09-19 14:46:56	2017-09-19 14:46:56
1262	982	1	2017-09-19 14:48:36	2017-09-19 14:48:36
1263	983	1	2017-09-19 14:51:05	2017-09-19 14:51:05
1264	984	1	2017-09-19 14:52:18	2017-09-19 14:52:18
1265	985	1	2017-09-19 14:53:45	2017-09-19 14:53:45
1266	986	1	2017-09-19 14:54:32	2017-09-19 14:54:32
1267	987	1	2017-09-19 14:56:00	2017-09-19 14:56:00
1268	988	1	2017-09-19 15:01:12	2017-09-19 15:01:12
1269	989	1	2017-09-19 16:03:07	2017-09-19 16:03:07
1270	990	1	2017-09-19 16:06:01	2017-09-19 16:06:01
1271	991	1	2017-09-20 17:20:57	2017-09-20 17:20:57
1272	992	1	2017-09-20 17:23:08	2017-09-20 17:23:08
1273	993	1	2017-09-20 17:25:04	2017-09-20 17:25:04
1274	994	1	2017-09-20 17:27:05	2017-09-20 17:27:05
1275	995	1	2017-09-20 17:30:37	2017-09-20 17:30:37
1276	996	1	2017-09-20 17:33:15	2017-09-20 17:33:15
1277	996	60	2017-09-20 17:33:15	2017-09-20 17:33:15
1278	996	62	2017-09-20 17:33:15	2017-09-20 17:33:15
1279	996	63	2017-09-20 17:33:15	2017-09-20 17:33:15
1280	997	1	2017-09-22 05:34:03	2017-09-22 05:34:03
1281	997	52	2017-09-22 05:34:03	2017-09-22 05:34:03
1282	998	1	2017-09-29 14:19:17	2017-09-29 14:19:17
1283	999	1	2017-10-01 12:59:56	2017-10-01 12:59:56
1284	1000	1	2017-10-02 08:36:34	2017-10-02 08:36:34
1285	1001	17	2017-10-06 11:29:25	2017-10-06 11:29:25
1286	1001	30	2017-10-06 11:29:25	2017-10-06 11:29:25
1287	1001	34	2017-10-06 11:29:25	2017-10-06 11:29:25
1288	1002	1	2017-10-08 07:30:47	2017-10-08 07:30:47
1289	20	10	2017-10-08 13:32:21	2017-10-08 13:32:21
1290	47	10	2017-10-08 13:32:22	2017-10-08 13:32:22
1291	505	10	2017-10-08 13:32:22	2017-10-08 13:32:22
1292	600	10	2017-10-08 13:32:22	2017-10-08 13:32:22
1293	602	10	2017-10-08 13:32:23	2017-10-08 13:32:23
1294	663	10	2017-10-08 13:32:23	2017-10-08 13:32:23
1295	691	10	2017-10-08 13:32:24	2017-10-08 13:32:24
1296	108	10	2017-10-08 13:32:24	2017-10-08 13:32:24
1297	723	10	2017-10-08 13:32:25	2017-10-08 13:32:25
1298	756	10	2017-10-08 13:32:26	2017-10-08 13:32:26
1299	154	10	2017-10-08 13:32:26	2017-10-08 13:32:26
1300	811	10	2017-10-08 13:32:27	2017-10-08 13:32:27
1301	178	10	2017-10-08 13:32:27	2017-10-08 13:32:27
1302	179	10	2017-10-08 13:32:28	2017-10-08 13:32:28
1303	181	10	2017-10-08 13:32:29	2017-10-08 13:32:29
1304	838	10	2017-10-08 13:32:29	2017-10-08 13:32:29
1305	199	10	2017-10-08 13:32:30	2017-10-08 13:32:30
1306	200	10	2017-10-08 13:32:31	2017-10-08 13:32:31
1307	853	10	2017-10-08 13:32:31	2017-10-08 13:32:31
1308	201	10	2017-10-08 13:32:32	2017-10-08 13:32:32
1309	203	10	2017-10-08 13:32:32	2017-10-08 13:32:32
1310	204	10	2017-10-08 13:32:33	2017-10-08 13:32:33
1311	205	10	2017-10-08 13:32:33	2017-10-08 13:32:33
1312	901	10	2017-10-08 13:32:34	2017-10-08 13:32:34
1313	917	10	2017-10-08 13:32:34	2017-10-08 13:32:34
1314	930	10	2017-10-08 13:32:35	2017-10-08 13:32:35
1315	933	10	2017-10-08 13:32:35	2017-10-08 13:32:35
1316	946	10	2017-10-08 13:32:36	2017-10-08 13:32:36
1317	956	10	2017-10-08 13:32:36	2017-10-08 13:32:36
1318	957	10	2017-10-08 13:32:37	2017-10-08 13:32:37
1319	458	10	2017-10-08 13:32:38	2017-10-08 13:32:38
1320	472	10	2017-10-08 13:32:38	2017-10-08 13:32:38
1321	452	10	2017-10-08 13:32:39	2017-10-08 13:32:39
1322	308	10	2017-10-08 13:32:40	2017-10-08 13:32:40
1323	971	10	2017-10-08 13:32:41	2017-10-08 13:32:41
1324	318	10	2017-10-08 13:32:42	2017-10-08 13:32:42
1325	325	10	2017-10-08 13:32:43	2017-10-08 13:32:43
1326	326	10	2017-10-08 13:32:43	2017-10-08 13:32:43
1327	996	10	2017-10-08 13:32:44	2017-10-08 13:32:44
1328	348	10	2017-10-08 13:32:44	2017-10-08 13:32:44
1329	362	10	2017-10-08 13:32:45	2017-10-08 13:32:45
1330	364	10	2017-10-08 13:32:45	2017-10-08 13:32:45
1331	369	10	2017-10-08 13:32:46	2017-10-08 13:32:46
1332	392	10	2017-10-08 13:32:46	2017-10-08 13:32:46
1333	98	10	2017-10-08 13:32:47	2017-10-08 13:32:47
1334	12	10	2017-10-08 13:32:48	2017-10-08 13:32:48
1335	13	10	2017-10-08 13:32:49	2017-10-08 13:32:49
1336	14	10	2017-10-08 13:32:50	2017-10-08 13:32:50
1337	60	10	2017-10-08 13:32:51	2017-10-08 13:32:51
1338	62	10	2017-10-08 13:32:51	2017-10-08 13:32:51
1339	63	10	2017-10-08 13:32:52	2017-10-08 13:32:52
1340	64	10	2017-10-08 13:32:52	2017-10-08 13:32:52
1341	65	10	2017-10-08 13:32:52	2017-10-08 13:32:52
1342	66	10	2017-10-08 13:32:53	2017-10-08 13:32:53
1343	67	10	2017-10-08 13:32:53	2017-10-08 13:32:53
1344	68	10	2017-10-08 13:32:53	2017-10-08 13:32:53
1345	69	10	2017-10-08 13:32:54	2017-10-08 13:32:54
1346	70	10	2017-10-08 13:32:54	2017-10-08 13:32:54
1347	71	10	2017-10-08 13:32:55	2017-10-08 13:32:55
1348	102	10	2017-10-08 13:32:55	2017-10-08 13:32:55
1349	113	10	2017-10-08 13:32:56	2017-10-08 13:32:56
1350	155	10	2017-10-08 13:32:56	2017-10-08 13:32:56
1351	193	10	2017-10-08 13:32:57	2017-10-08 13:32:57
1352	202	10	2017-10-08 13:32:57	2017-10-08 13:32:57
1353	206	10	2017-10-08 13:32:59	2017-10-08 13:32:59
1354	207	10	2017-10-08 13:32:59	2017-10-08 13:32:59
1355	208	10	2017-10-08 13:33:00	2017-10-08 13:33:00
1356	209	10	2017-10-08 13:33:01	2017-10-08 13:33:01
1357	231	10	2017-10-08 13:33:01	2017-10-08 13:33:01
1358	237	10	2017-10-08 13:33:02	2017-10-08 13:33:02
1359	393	10	2017-10-08 13:33:02	2017-10-08 13:33:02
1360	631	10	2017-10-08 13:33:02	2017-10-08 13:33:02
1361	632	10	2017-10-08 13:33:03	2017-10-08 13:33:03
1362	633	10	2017-10-08 13:33:03	2017-10-08 13:33:03
1363	688	10	2017-10-08 13:33:04	2017-10-08 13:33:04
1364	689	10	2017-10-08 13:33:04	2017-10-08 13:33:04
1365	703	10	2017-10-08 13:33:05	2017-10-08 13:33:05
1366	834	10	2017-10-08 13:33:06	2017-10-08 13:33:06
1367	962	10	2017-10-08 13:33:06	2017-10-08 13:33:06
1368	963	10	2017-10-08 13:33:06	2017-10-08 13:33:06
1369	964	10	2017-10-08 13:33:07	2017-10-08 13:33:07
1370	965	10	2017-10-08 13:33:08	2017-10-08 13:33:08
1371	7	10	2017-10-08 13:34:31	2017-10-08 13:34:31
1372	19	10	2017-10-08 13:34:31	2017-10-08 13:34:31
1373	41	10	2017-10-08 13:34:31	2017-10-08 13:34:31
1374	504	10	2017-10-08 13:34:31	2017-10-08 13:34:31
1375	105	10	2017-10-08 13:34:31	2017-10-08 13:34:31
1376	115	10	2017-10-08 13:34:31	2017-10-08 13:34:31
1377	728	10	2017-10-08 13:34:31	2017-10-08 13:34:31
1378	132	10	2017-10-08 13:34:31	2017-10-08 13:34:31
1379	143	10	2017-10-08 13:34:31	2017-10-08 13:34:31
1380	758	10	2017-10-08 13:34:31	2017-10-08 13:34:31
1381	146	10	2017-10-08 13:34:31	2017-10-08 13:34:31
1382	151	10	2017-10-08 13:34:31	2017-10-08 13:34:31
1383	163	10	2017-10-08 13:34:31	2017-10-08 13:34:31
1384	169	10	2017-10-08 13:34:31	2017-10-08 13:34:31
1385	179	10	2017-10-08 13:34:31	2017-10-08 13:34:31
1386	193	10	2017-10-08 13:34:31	2017-10-08 13:34:31
1387	196	10	2017-10-08 13:34:31	2017-10-08 13:34:31
1388	848	10	2017-10-08 13:34:31	2017-10-08 13:34:31
1389	849	10	2017-10-08 13:34:31	2017-10-08 13:34:31
1390	219	10	2017-10-08 13:34:31	2017-10-08 13:34:31
1391	335	10	2017-10-08 13:34:31	2017-10-08 13:34:31
1392	342	10	2017-10-08 13:34:31	2017-10-08 13:34:31
1393	350	10	2017-10-08 13:34:31	2017-10-08 13:34:31
1394	11	10	2017-10-08 13:34:31	2017-10-08 13:34:31
1395	30	10	2017-10-08 13:34:31	2017-10-08 13:34:31
1396	158	10	2017-10-08 13:34:31	2017-10-08 13:34:31
1397	171	10	2017-10-08 13:34:31	2017-10-08 13:34:31
1398	178	10	2017-10-08 13:34:31	2017-10-08 13:34:31
1399	180	10	2017-10-08 13:34:31	2017-10-08 13:34:31
1400	187	10	2017-10-08 13:34:31	2017-10-08 13:34:31
1401	384	10	2017-10-08 13:34:31	2017-10-08 13:34:31
1402	385	10	2017-10-08 13:34:31	2017-10-08 13:34:31
1403	398	10	2017-10-08 13:34:31	2017-10-08 13:34:31
1404	515	10	2017-10-08 13:34:31	2017-10-08 13:34:31
1405	547	10	2017-10-08 13:34:31	2017-10-08 13:34:31
1406	721	10	2017-10-08 13:34:31	2017-10-08 13:34:31
1407	722	10	2017-10-08 13:34:31	2017-10-08 13:34:31
1408	493	10	2017-10-08 13:34:40	2017-10-08 13:34:40
1409	842	10	2017-10-08 13:34:40	2017-10-08 13:34:40
1410	474	10	2017-10-08 13:34:40	2017-10-08 13:34:40
1411	899	10	2017-10-08 13:34:40	2017-10-08 13:34:40
1412	437	10	2017-10-08 13:34:40	2017-10-08 13:34:40
1413	8	10	2017-10-08 13:34:40	2017-10-08 13:34:40
1414	135	10	2017-10-08 13:34:40	2017-10-08 13:34:40
1415	712	10	2017-10-08 13:34:40	2017-10-08 13:34:40
1416	744	10	2017-10-08 13:34:40	2017-10-08 13:34:40
1417	446	10	2017-10-08 13:37:28	2017-10-08 13:37:28
1418	905	10	2017-10-08 13:37:28	2017-10-08 13:37:28
1419	278	10	2017-10-08 13:37:35	2017-10-08 13:37:35
1420	284	10	2017-10-08 13:37:35	2017-10-08 13:37:35
1421	294	10	2017-10-08 13:37:35	2017-10-08 13:37:35
1422	57	10	2017-10-08 13:37:35	2017-10-08 13:37:35
1423	281	10	2017-10-08 13:37:35	2017-10-08 13:37:35
1424	864	10	2017-10-08 13:37:35	2017-10-08 13:37:35
1425	349	10	2017-10-08 13:40:31	2017-10-08 13:40:31
1426	408	10	2017-10-08 13:40:31	2017-10-08 13:40:31
1427	1	10	2017-10-08 13:40:31	2017-10-08 13:40:31
1428	291	10	2017-10-08 13:40:31	2017-10-08 13:40:31
1429	820	10	2017-10-08 13:40:31	2017-10-08 13:40:31
1430	866	10	2017-10-08 13:40:31	2017-10-08 13:40:31
1431	1003	1	2017-10-08 14:42:52	2017-10-08 14:42:52
1432	988	10	2017-10-08 15:25:25	2017-10-08 15:25:25
1433	1004	1	2017-10-09 13:35:34	2017-10-09 13:35:34
1434	72	65	2017-10-10 18:31:14	2017-10-10 18:31:14
1435	74	65	2017-10-10 18:31:14	2017-10-10 18:31:14
1436	75	65	2017-10-10 18:31:14	2017-10-10 18:31:14
1437	76	65	2017-10-10 18:31:14	2017-10-10 18:31:14
1438	77	65	2017-10-10 18:31:14	2017-10-10 18:31:14
1439	79	65	2017-10-10 18:31:14	2017-10-10 18:31:14
1440	1002	65	2017-10-10 18:31:14	2017-10-10 18:31:14
1441	1005	65	2017-10-10 19:13:00	2017-10-10 19:13:00
1442	1006	17	2017-10-12 11:40:06	2017-10-12 11:40:06
1443	1007	1	2017-10-13 16:41:12	2017-10-13 16:41:12
1444	1008	1	2017-10-13 16:45:08	2017-10-13 16:45:08
1445	1009	1	2017-10-13 16:48:45	2017-10-13 16:48:45
1446	1010	1	2017-10-13 16:52:59	2017-10-13 16:52:59
1451	1015	17	2017-10-17 10:00:08	2017-10-17 10:00:08
1448	1012	1	2017-10-13 17:04:05	2017-10-13 17:04:05
1449	1013	1	2017-10-13 17:07:44	2017-10-13 17:07:44
1450	1014	1	2017-10-13 17:09:42	2017-10-13 17:09:42
1452	1016	17	2017-10-17 10:01:29	2017-10-17 10:01:29
1453	1017	17	2017-10-17 10:02:33	2017-10-17 10:02:33
1454	1018	17	2017-10-17 10:04:01	2017-10-17 10:04:01
1455	1019	17	2017-10-17 10:05:13	2017-10-17 10:05:13
1456	1020	17	2017-10-17 10:06:30	2017-10-17 10:06:30
1457	1021	1	2017-10-17 11:07:14	2017-10-17 11:07:14
1458	1022	1	2017-10-17 11:25:16	2017-10-17 11:25:16
1459	1023	1	2017-10-17 11:26:56	2017-10-17 11:26:56
1460	1024	1	2017-10-17 11:30:31	2017-10-17 11:30:31
1461	1025	1	2017-10-17 11:32:57	2017-10-17 11:32:57
1462	1026	1	2017-10-29 10:54:36	2017-10-29 10:54:36
1463	1027	1	2017-10-30 16:00:59	2017-10-30 16:00:59
1464	1028	1	2017-10-30 16:11:23	2017-10-30 16:11:23
1465	1029	1	2017-10-30 16:12:33	2017-10-30 16:12:33
1466	1030	17	2017-10-31 14:31:42	2017-10-31 14:31:42
1467	1031	17	2017-10-31 14:35:17	2017-10-31 14:35:17
1468	62	73	2017-11-05 19:31:36	2017-11-05 19:31:36
1469	641	73	2017-11-05 19:31:36	2017-11-05 19:31:36
1470	71	73	2017-11-05 19:31:36	2017-11-05 19:31:36
1471	117	73	2017-11-05 19:31:36	2017-11-05 19:31:36
1472	751	73	2017-11-05 19:31:36	2017-11-05 19:31:36
1473	950	73	2017-11-05 19:31:36	2017-11-05 19:31:36
1474	324	73	2017-11-05 19:31:36	2017-11-05 19:31:36
1475	395	73	2017-11-05 19:31:36	2017-11-05 19:31:36
1476	977	73	2017-11-05 19:31:36	2017-11-05 19:31:36
1477	5	74	2017-11-06 16:04:12	2017-11-06 16:04:12
1478	81	74	2017-11-06 16:04:12	2017-11-06 16:04:12
1479	83	74	2017-11-06 16:04:12	2017-11-06 16:04:12
1480	26	74	2017-11-06 16:04:12	2017-11-06 16:04:12
1481	151	74	2017-11-06 16:04:12	2017-11-06 16:04:12
1482	154	74	2017-11-06 16:04:12	2017-11-06 16:04:12
1483	272	74	2017-11-06 16:04:12	2017-11-06 16:04:12
1484	404	74	2017-11-06 16:04:12	2017-11-06 16:04:12
1485	514	74	2017-11-06 16:04:12	2017-11-06 16:04:12
1486	704	74	2017-11-06 16:04:12	2017-11-06 16:04:12
1487	709	74	2017-11-06 16:04:12	2017-11-06 16:04:12
1488	829	74	2017-11-06 16:04:12	2017-11-06 16:04:12
1489	1032	17	2017-11-11 15:11:48	2017-11-11 15:11:48
1490	1033	17	2017-11-14 11:49:46	2017-11-14 11:49:46
1491	1034	17	2017-11-14 17:26:31	2017-11-14 17:26:31
1492	1035	17	2017-11-17 16:43:40	2017-11-17 16:43:40
1493	1036	17	2017-11-23 15:25:59	2017-11-23 15:25:59
1494	1037	1	2017-11-24 06:29:39	2017-11-24 06:29:39
1495	1038	17	2017-11-24 21:37:16	2017-11-24 21:37:16
1496	1039	1	2017-11-25 09:53:48	2017-11-25 09:53:48
1497	1040	1	2017-11-26 09:44:58	2017-11-26 09:44:58
1498	1041	17	2017-11-27 11:54:57	2017-11-27 11:54:57
1499	1042	17	2017-11-30 18:03:18	2017-11-30 18:03:18
