1	1	5	2017-06-03 08:40:48	2017-06-03 08:40:48
2	2	5	2017-06-03 08:52:39	2017-06-03 08:52:39
3	3	7	2017-06-03 09:00:30	2017-06-03 09:00:30
4	3	1	2017-06-03 09:00:30	2017-06-03 09:00:30
5	4	7	2017-06-03 12:02:20	2017-06-03 12:02:20
6	5	6	2017-06-03 22:33:31	2017-06-03 22:33:31
7	6	7	2017-06-04 09:10:12	2017-06-04 09:10:12
8	6	2	2017-06-04 09:10:12	2017-06-04 09:10:12
9	7	2	2017-06-04 09:17:59	2017-06-04 09:17:59
10	8	5	2017-06-04 09:24:42	2017-06-04 09:24:42
11	9	1	2017-06-04 09:59:03	2017-06-04 09:59:03
12	10	1	2017-06-05 03:44:09	2017-06-05 03:44:09
13	11	7	2017-06-05 03:48:57	2017-06-05 03:48:57
14	11	5	2017-06-05 03:48:57	2017-06-05 03:48:57
15	12	7	2017-06-05 03:54:09	2017-06-05 03:54:09
16	13	5	2017-06-05 03:56:52	2017-06-05 03:56:52
17	14	2	2017-06-05 05:44:50	2017-06-05 05:44:50
18	15	7	2017-06-05 05:56:18	2017-06-05 05:56:18
19	16	4	2017-06-05 06:02:10	2017-06-05 06:02:10
20	16	5	2017-06-05 06:02:10	2017-06-05 06:02:10
21	17	7	2017-06-05 06:10:39	2017-06-05 06:10:39
22	19	7	2017-06-05 06:19:46	2017-06-05 06:19:46
23	20	7	2017-06-05 06:22:57	2017-06-05 06:22:57
24	21	7	2017-06-05 06:27:07	2017-06-05 06:27:07
25	22	7	2017-06-05 06:34:29	2017-06-05 06:34:29
26	22	1	2017-06-05 06:34:29	2017-06-05 06:34:29
27	23	7	2017-06-05 06:40:18	2017-06-05 06:40:18
28	24	10	2017-06-05 06:43:14	2017-06-05 06:43:14
29	25	7	2017-06-05 06:46:05	2017-06-05 06:46:05
30	26	7	2017-06-05 06:46:10	2017-06-05 06:46:10
31	27	7	2017-06-05 06:52:35	2017-06-05 06:52:35
32	28	7	2017-06-05 06:52:42	2017-06-05 06:52:42
33	29	5	2017-06-05 06:56:26	2017-06-05 06:56:26
34	30	7	2017-06-05 07:00:40	2017-06-05 07:00:40
35	31	5	2017-06-05 07:01:09	2017-06-05 07:01:09
36	32	7	2017-06-05 07:03:01	2017-06-05 07:03:01
37	33	7	2017-06-05 07:14:19	2017-06-05 07:14:19
38	33	1	2017-06-05 07:14:19	2017-06-05 07:14:19
39	34	2	2017-06-05 07:31:14	2017-06-05 07:31:14
40	35	2	2017-06-05 07:36:44	2017-06-05 07:36:44
41	36	5	2017-06-05 07:41:49	2017-06-05 07:41:49
42	37	7	2017-06-05 07:52:39	2017-06-05 07:52:39
43	38	7	2017-06-05 07:56:40	2017-06-05 07:56:40
44	39	7	2017-06-05 07:59:04	2017-06-05 07:59:04
45	40	7	2017-06-05 08:01:15	2017-06-05 08:01:15
46	41	7	2017-06-05 08:04:05	2017-06-05 08:04:05
47	42	7	2017-06-05 08:11:51	2017-06-05 08:11:51
48	43	7	2017-06-05 08:18:05	2017-06-05 08:18:05
49	44	7	2017-06-05 08:18:47	2017-06-05 08:18:47
50	45	7	2017-06-05 08:21:03	2017-06-05 08:21:03
51	46	1	2017-06-05 08:26:34	2017-06-05 08:26:34
52	47	7	2017-06-05 08:32:42	2017-06-05 08:32:42
53	48	7	2017-06-05 08:40:14	2017-06-05 08:40:14
54	49	7	2017-06-05 09:00:51	2017-06-05 09:00:51
55	50	7	2017-06-05 09:09:40	2017-06-05 09:09:40
56	50	1	2017-06-05 09:09:40	2017-06-05 09:09:40
57	51	5	2017-06-05 09:14:37	2017-06-05 09:14:37
58	52	2	2017-06-05 09:18:59	2017-06-05 09:18:59
59	53	7	2017-06-05 09:23:58	2017-06-05 09:23:58
60	54	7	2017-06-05 09:31:49	2017-06-05 09:31:49
61	55	7	2017-06-05 09:39:13	2017-06-05 09:39:13
62	56	7	2017-06-05 09:42:22	2017-06-05 09:42:22
63	57	7	2017-06-05 13:58:03	2017-06-05 13:58:03
64	58	1	2017-06-05 14:39:55	2017-06-05 14:39:55
65	58	2	2017-06-05 14:39:55	2017-06-05 14:39:55
66	59	1	2017-06-05 21:00:45	2017-06-05 21:00:45
67	60	2	2017-06-05 22:10:44	2017-06-05 22:10:44
68	61	7	2017-06-06 12:11:31	2017-06-06 12:11:31
69	62	5	2017-06-06 13:03:17	2017-06-06 13:03:17
70	62	2	2017-06-06 13:03:17	2017-06-06 13:03:17
71	63	2	2017-06-06 13:06:18	2017-06-06 13:06:18
72	64	5	2017-06-06 13:09:17	2017-06-06 13:09:17
73	65	5	2017-06-06 13:11:59	2017-06-06 13:11:59
74	66	5	2017-06-06 13:15:16	2017-06-06 13:15:16
75	67	5	2017-06-06 13:18:31	2017-06-06 13:18:31
76	68	5	2017-06-06 13:22:24	2017-06-06 13:22:24
77	69	5	2017-06-06 13:24:28	2017-06-06 13:24:28
78	70	5	2017-06-06 13:26:14	2017-06-06 13:26:14
79	71	2	2017-06-06 13:29:40	2017-06-06 13:29:40
80	72	5	2017-06-06 14:39:56	2017-06-06 14:39:56
81	73	2	2017-06-06 15:44:08	2017-06-06 15:44:08
82	74	7	2017-06-06 19:05:11	2017-06-06 19:05:11
83	75	5	2017-06-06 19:13:15	2017-06-06 19:13:15
84	76	5	2017-06-06 19:29:55	2017-06-06 19:29:55
85	77	2	2017-06-06 20:31:31	2017-06-06 20:31:31
86	78	6	2017-06-06 20:35:52	2017-06-06 20:35:52
87	78	2	2017-06-06 20:35:52	2017-06-06 20:35:52
88	79	2	2017-06-06 20:43:36	2017-06-06 20:43:36
89	80	2	2017-06-06 21:57:38	2017-06-06 21:57:38
90	81	2	2017-06-06 22:19:31	2017-06-06 22:19:31
91	82	2	2017-06-06 22:32:37	2017-06-06 22:32:37
92	83	2	2017-06-06 22:38:01	2017-06-06 22:38:01
93	84	1	2017-06-06 22:46:14	2017-06-06 22:46:14
94	84	2	2017-06-06 22:46:14	2017-06-06 22:46:14
95	85	2	2017-06-06 22:53:34	2017-06-06 22:53:34
96	86	2	2017-06-06 23:29:51	2017-06-06 23:29:51
97	87	7	2017-06-07 00:02:24	2017-06-07 00:02:24
98	88	5	2017-06-07 00:14:51	2017-06-07 00:14:51
99	89	7	2017-06-07 18:36:51	2017-06-07 18:36:51
100	90	1	2017-06-07 18:44:59	2017-06-07 18:44:59
101	91	2	2017-06-07 19:00:39	2017-06-07 19:00:39
538	464	7	2017-07-03 17:02:42	2017-07-03 17:02:42
103	93	2	2017-06-07 19:10:45	2017-06-07 19:10:45
104	94	7	2017-06-07 21:17:40	2017-06-07 21:17:40
105	95	7	2017-06-07 21:42:03	2017-06-07 21:42:03
106	96	7	2017-06-07 21:57:17	2017-06-07 21:57:17
107	97	5	2017-06-07 22:05:54	2017-06-07 22:05:54
108	98	7	2017-06-07 22:10:08	2017-06-07 22:10:08
109	99	5	2017-06-07 22:11:57	2017-06-07 22:11:57
110	100	2	2017-06-07 22:21:06	2017-06-07 22:21:06
111	101	7	2017-06-07 22:29:22	2017-06-07 22:29:22
112	102	6	2017-06-07 22:35:02	2017-06-07 22:35:02
113	102	2	2017-06-07 22:35:02	2017-06-07 22:35:02
114	103	7	2017-06-07 22:37:47	2017-06-07 22:37:47
115	104	7	2017-06-07 22:41:21	2017-06-07 22:41:21
116	105	6	2017-06-07 22:46:04	2017-06-07 22:46:04
117	106	7	2017-06-07 22:47:35	2017-06-07 22:47:35
118	107	7	2017-06-07 22:52:21	2017-06-07 22:52:21
119	108	7	2017-06-07 22:52:55	2017-06-07 22:52:55
120	109	7	2017-06-07 23:01:01	2017-06-07 23:01:01
121	110	7	2017-06-07 23:06:49	2017-06-07 23:06:49
122	111	2	2017-06-07 23:08:49	2017-06-07 23:08:49
123	112	6	2017-06-07 23:14:30	2017-06-07 23:14:30
124	113	6	2017-06-07 23:16:03	2017-06-07 23:16:03
125	114	7	2017-06-07 23:18:08	2017-06-07 23:18:08
126	114	2	2017-06-07 23:18:08	2017-06-07 23:18:08
127	115	6	2017-06-07 23:19:50	2017-06-07 23:19:50
128	116	2	2017-06-07 23:23:48	2017-06-07 23:23:48
129	117	2	2017-06-07 23:30:28	2017-06-07 23:30:28
130	118	6	2017-06-07 23:32:19	2017-06-07 23:32:19
131	118	2	2017-06-07 23:32:19	2017-06-07 23:32:19
132	119	6	2017-06-07 23:38:24	2017-06-07 23:38:24
133	120	2	2017-06-07 23:39:59	2017-06-07 23:39:59
134	121	6	2017-06-07 23:43:31	2017-06-07 23:43:31
135	122	5	2017-06-07 23:50:09	2017-06-07 23:50:09
136	123	6	2017-06-07 23:54:16	2017-06-07 23:54:16
137	123	2	2017-06-07 23:54:16	2017-06-07 23:54:16
138	124	2	2017-06-07 23:54:41	2017-06-07 23:54:41
139	125	6	2017-06-08 00:01:28	2017-06-08 00:01:28
140	126	7	2017-06-08 00:05:58	2017-06-08 00:05:58
141	127	6	2017-06-08 07:43:17	2017-06-08 07:43:17
142	128	10	2017-06-08 07:47:49	2017-06-08 07:47:49
143	129	7	2017-06-08 07:52:34	2017-06-08 07:52:34
144	130	7	2017-06-08 07:55:13	2017-06-08 07:55:13
341	357	5	2017-06-23 15:14:11	2017-06-23 15:14:11
146	132	6	2017-06-08 08:00:50	2017-06-08 08:00:50
147	134	6	2017-06-08 08:04:34	2017-06-08 08:04:34
148	136	6	2017-06-08 08:08:06	2017-06-08 08:08:06
149	137	6	2017-06-08 08:10:38	2017-06-08 08:10:38
150	138	6	2017-06-08 08:12:51	2017-06-08 08:12:51
151	140	6	2017-06-08 08:16:11	2017-06-08 08:16:11
152	141	2	2017-06-08 08:18:46	2017-06-08 08:18:46
153	143	6	2017-06-08 08:21:06	2017-06-08 08:21:06
154	143	2	2017-06-08 08:21:06	2017-06-08 08:21:06
155	144	2	2017-06-08 08:21:28	2017-06-08 08:21:28
156	145	6	2017-06-08 08:22:45	2017-06-08 08:22:45
157	145	2	2017-06-08 08:22:45	2017-06-08 08:22:45
158	150	7	2017-06-08 08:47:34	2017-06-08 08:47:34
159	152	7	2017-06-08 08:54:10	2017-06-08 08:54:10
160	153	7	2017-06-08 08:58:43	2017-06-08 08:58:43
161	155	6	2017-06-08 09:05:02	2017-06-08 09:05:02
162	157	7	2017-06-08 09:10:56	2017-06-08 09:10:56
163	158	7	2017-06-08 09:16:54	2017-06-08 09:16:54
164	159	6	2017-06-08 09:20:17	2017-06-08 09:20:17
165	160	5	2017-06-08 09:34:29	2017-06-08 09:34:29
166	161	7	2017-06-08 09:53:35	2017-06-08 09:53:35
167	162	7	2017-06-08 09:55:23	2017-06-08 09:55:23
168	163	7	2017-06-08 09:57:57	2017-06-08 09:57:57
169	164	7	2017-06-08 10:01:14	2017-06-08 10:01:14
170	165	7	2017-06-08 10:02:46	2017-06-08 10:02:46
171	166	7	2017-06-08 10:04:37	2017-06-08 10:04:37
172	167	6	2017-06-08 10:09:45	2017-06-08 10:09:45
173	168	7	2017-06-08 10:11:53	2017-06-08 10:11:53
174	169	7	2017-06-08 10:27:39	2017-06-08 10:27:39
175	170	7	2017-06-08 10:29:15	2017-06-08 10:29:15
176	171	7	2017-06-08 10:31:34	2017-06-08 10:31:34
274	306	7	2017-06-20 17:27:21	2017-06-20 17:27:21
178	173	7	2017-06-08 10:37:15	2017-06-08 10:37:15
179	174	6	2017-06-08 11:18:33	2017-06-08 11:18:33
180	175	6	2017-06-08 11:50:52	2017-06-08 11:50:52
181	176	6	2017-06-08 11:58:49	2017-06-08 11:58:49
182	177	7	2017-06-08 12:12:34	2017-06-08 12:12:34
183	181	2	2017-06-08 12:59:39	2017-06-08 12:59:39
184	182	2	2017-06-08 13:13:47	2017-06-08 13:13:47
185	183	2	2017-06-08 13:19:03	2017-06-08 13:19:03
273	305	1	2017-06-20 11:30:10	2017-06-20 11:30:10
187	185	7	2017-06-08 13:38:47	2017-06-08 13:38:47
188	186	6	2017-06-08 13:42:40	2017-06-08 13:42:40
189	186	2	2017-06-08 13:42:40	2017-06-08 13:42:40
190	187	2	2017-06-08 13:42:49	2017-06-08 13:42:49
191	188	7	2017-06-08 13:49:42	2017-06-08 13:49:42
192	189	7	2017-06-08 14:19:00	2017-06-08 14:19:00
193	190	7	2017-06-08 17:48:36	2017-06-08 17:48:36
194	191	7	2017-06-08 18:00:40	2017-06-08 18:00:40
195	192	7	2017-06-08 18:11:16	2017-06-08 18:11:16
196	193	6	2017-06-08 18:20:41	2017-06-08 18:20:41
197	194	7	2017-06-08 18:25:20	2017-06-08 18:25:20
198	195	6	2017-06-08 18:27:46	2017-06-08 18:27:46
199	196	6	2017-06-08 18:32:13	2017-06-08 18:32:13
200	197	5	2017-06-08 18:37:04	2017-06-08 18:37:04
201	198	6	2017-06-08 18:41:56	2017-06-08 18:41:56
202	199	7	2017-06-09 10:34:23	2017-06-09 10:34:23
203	200	6	2017-06-09 10:39:41	2017-06-09 10:39:41
204	201	7	2017-06-09 10:45:09	2017-06-09 10:45:09
205	202	2	2017-06-09 10:49:48	2017-06-09 10:49:48
206	203	2	2017-06-09 10:52:43	2017-06-09 10:52:43
207	204	7	2017-06-09 10:58:20	2017-06-09 10:58:20
208	205	1	2017-06-09 11:03:06	2017-06-09 11:03:06
209	206	2	2017-06-09 11:05:52	2017-06-09 11:05:52
210	207	2	2017-06-09 11:10:40	2017-06-09 11:10:40
211	208	2	2017-06-09 11:12:48	2017-06-09 11:12:48
212	209	2	2017-06-09 11:17:01	2017-06-09 11:17:01
213	210	2	2017-06-09 11:28:35	2017-06-09 11:28:35
214	211	2	2017-06-09 11:32:20	2017-06-09 11:32:20
215	212	7	2017-06-09 11:40:54	2017-06-09 11:40:54
216	213	5	2017-06-09 14:17:59	2017-06-09 14:17:59
217	214	7	2017-06-09 15:03:23	2017-06-09 15:03:23
218	215	2	2017-06-09 15:12:53	2017-06-09 15:12:53
219	216	7	2017-06-09 15:23:40	2017-06-09 15:23:40
220	217	6	2017-06-09 15:54:13	2017-06-09 15:54:13
221	218	2	2017-06-09 15:55:53	2017-06-09 15:55:53
222	219	2	2017-06-09 16:00:39	2017-06-09 16:00:39
223	220	7	2017-06-09 16:11:26	2017-06-09 16:11:26
224	221	2	2017-06-09 16:18:10	2017-06-09 16:18:10
225	224	7	2017-06-09 17:55:57	2017-06-09 17:55:57
226	250	1	2017-06-11 11:31:55	2017-06-11 11:31:55
227	251	3	2017-06-11 15:47:10	2017-06-11 15:47:10
228	252	7	2017-06-11 16:14:32	2017-06-11 16:14:32
229	253	6	2017-06-12 10:44:11	2017-06-12 10:44:11
230	254	6	2017-06-12 11:43:19	2017-06-12 11:43:19
231	255	7	2017-06-12 11:47:11	2017-06-12 11:47:11
232	256	7	2017-06-12 11:57:38	2017-06-12 11:57:38
233	266	2	2017-06-12 20:25:25	2017-06-12 20:25:25
234	267	7	2017-06-12 21:11:23	2017-06-12 21:11:23
235	268	7	2017-06-12 21:13:19	2017-06-12 21:13:19
236	269	2	2017-06-13 14:12:55	2017-06-13 14:12:55
258	291	5	2017-06-19 20:14:55	2017-06-19 20:14:55
238	271	7	2017-06-14 03:52:39	2017-06-14 03:52:39
239	272	7	2017-06-14 04:44:48	2017-06-14 04:44:48
240	273	6	2017-06-15 11:06:06	2017-06-15 11:06:06
241	274	21	2017-06-15 12:05:10	2017-06-15 12:05:10
242	275	7	2017-06-15 17:21:27	2017-06-15 17:21:27
275	306	5	2017-06-20 17:27:21	2017-06-20 17:27:21
244	277	7	2017-06-19 11:15:25	2017-06-19 11:15:25
245	278	7	2017-06-19 11:23:23	2017-06-19 11:23:23
246	279	2	2017-06-19 11:28:48	2017-06-19 11:28:48
247	280	5	2017-06-19 11:34:37	2017-06-19 11:34:37
248	281	7	2017-06-19 11:38:46	2017-06-19 11:38:46
249	282	5	2017-06-19 11:42:53	2017-06-19 11:42:53
250	283	1	2017-06-19 11:45:44	2017-06-19 11:45:44
251	284	2	2017-06-19 11:50:03	2017-06-19 11:50:03
252	285	2	2017-06-19 11:55:43	2017-06-19 11:55:43
253	286	7	2017-06-19 11:58:48	2017-06-19 11:58:48
254	287	1	2017-06-19 12:03:47	2017-06-19 12:03:47
255	288	2	2017-06-19 12:07:05	2017-06-19 12:07:05
256	289	2	2017-06-19 12:12:43	2017-06-19 12:12:43
257	290	1	2017-06-19 12:15:53	2017-06-19 12:15:53
261	294	5	2017-06-19 23:32:28	2017-06-19 23:32:28
279	308	5	2017-06-20 17:35:59	2017-06-20 17:35:59
271	304	7	2017-06-20 07:41:16	2017-06-20 07:41:16
272	304	1	2017-06-20 07:41:16	2017-06-20 07:41:16
278	308	7	2017-06-20 17:35:59	2017-06-20 17:35:59
280	309	7	2017-06-20 17:58:25	2017-06-20 17:58:25
281	310	5	2017-06-20 18:28:09	2017-06-20 18:28:09
282	311	7	2017-06-20 18:31:55	2017-06-20 18:31:55
283	311	1	2017-06-20 18:31:55	2017-06-20 18:31:55
284	312	1	2017-06-20 19:07:21	2017-06-20 19:07:21
285	313	1	2017-06-20 19:19:22	2017-06-20 19:19:22
286	314	7	2017-06-20 19:24:22	2017-06-20 19:24:22
287	314	1	2017-06-20 19:24:22	2017-06-20 19:24:22
338	356	5	2017-06-22 15:43:06	2017-06-22 15:43:06
337	356	7	2017-06-22 15:43:06	2017-06-22 15:43:06
290	316	3	2017-06-21 05:21:56	2017-06-21 05:21:56
291	317	3	2017-06-21 05:32:15	2017-06-21 05:32:15
292	318	5	2017-06-21 05:34:00	2017-06-21 05:34:00
293	319	10	2017-06-21 05:36:50	2017-06-21 05:36:50
294	320	7	2017-06-21 05:39:11	2017-06-21 05:39:11
295	320	2	2017-06-21 05:39:11	2017-06-21 05:39:11
296	321	1	2017-06-21 05:40:59	2017-06-21 05:40:59
297	322	3	2017-06-21 05:43:00	2017-06-21 05:43:00
298	323	7	2017-06-21 05:46:01	2017-06-21 05:46:01
299	324	3	2017-06-21 05:50:01	2017-06-21 05:50:01
300	325	2	2017-06-21 05:53:15	2017-06-21 05:53:15
301	326	7	2017-06-21 09:04:46	2017-06-21 09:04:46
302	326	2	2017-06-21 09:04:46	2017-06-21 09:04:46
303	327	7	2017-06-21 09:08:03	2017-06-21 09:08:03
304	327	2	2017-06-21 09:08:03	2017-06-21 09:08:03
305	328	7	2017-06-21 09:10:36	2017-06-21 09:10:36
340	355	2	2017-06-23 08:38:33	2017-06-23 08:38:33
339	355	6	2017-06-23 08:38:33	2017-06-23 08:38:33
308	330	7	2017-06-21 09:14:58	2017-06-21 09:14:58
309	330	2	2017-06-21 09:14:58	2017-06-21 09:14:58
310	331	3	2017-06-21 09:20:13	2017-06-21 09:20:13
311	332	7	2017-06-21 09:28:25	2017-06-21 09:28:25
312	333	7	2017-06-21 09:35:37	2017-06-21 09:35:37
313	333	10	2017-06-21 09:35:37	2017-06-21 09:35:37
314	334	2	2017-06-21 09:36:13	2017-06-21 09:36:13
315	335	7	2017-06-21 09:39:38	2017-06-21 09:39:38
316	336	6	2017-06-21 09:44:50	2017-06-21 09:44:50
317	336	2	2017-06-21 09:44:50	2017-06-21 09:44:50
318	337	7	2017-06-21 09:46:32	2017-06-21 09:46:32
319	338	2	2017-06-21 09:49:16	2017-06-21 09:49:16
320	339	5	2017-06-21 09:52:41	2017-06-21 09:52:41
321	340	2	2017-06-21 09:55:50	2017-06-21 09:55:50
322	341	6	2017-06-21 09:58:54	2017-06-21 09:58:54
323	342	6	2017-06-21 10:01:07	2017-06-21 10:01:07
324	343	7	2017-06-21 10:04:24	2017-06-21 10:04:24
325	343	5	2017-06-21 10:04:24	2017-06-21 10:04:24
326	344	7	2017-06-21 10:11:17	2017-06-21 10:11:17
327	344	5	2017-06-21 10:11:17	2017-06-21 10:11:17
328	345	2	2017-06-21 14:12:35	2017-06-21 14:12:35
329	346	2	2017-06-21 14:17:46	2017-06-21 14:17:46
330	347	2	2017-06-21 14:25:49	2017-06-21 14:25:49
331	348	7	2017-06-21 14:31:31	2017-06-21 14:31:31
332	349	2	2017-06-21 22:33:47	2017-06-21 22:33:47
333	350	2	2017-06-21 22:44:58	2017-06-21 22:44:58
334	351	6	2017-06-21 22:51:44	2017-06-21 22:51:44
335	352	2	2017-06-21 23:34:12	2017-06-21 23:34:12
743	742	7	2017-07-20 08:54:47	2017-07-20 08:54:47
342	371	7	2017-06-23 20:10:40	2017-06-23 20:10:40
350	394	7	2017-06-24 16:07:57	2017-06-24 16:07:57
344	389	6	2017-06-24 12:44:01	2017-06-24 12:44:01
346	391	7	2017-06-24 15:35:38	2017-06-24 15:35:38
347	392	7	2017-06-24 15:43:37	2017-06-24 15:43:37
348	393	6	2017-06-24 15:59:44	2017-06-24 15:59:44
349	393	2	2017-06-24 15:59:44	2017-06-24 15:59:44
351	394	5	2017-06-24 16:07:57	2017-06-24 16:07:57
352	395	3	2017-06-24 16:12:47	2017-06-24 16:12:47
353	369	7	2017-06-24 19:42:34	2017-06-24 19:42:34
354	369	5	2017-06-24 19:42:34	2017-06-24 19:42:34
355	245	7	2017-06-24 19:46:37	2017-06-24 19:46:37
356	397	7	2017-06-24 21:15:40	2017-06-24 21:15:40
357	398	7	2017-06-24 21:17:24	2017-06-24 21:17:24
358	399	6	2017-06-24 21:19:02	2017-06-24 21:19:02
359	400	7	2017-06-24 21:20:38	2017-06-24 21:20:38
360	401	5	2017-06-24 21:28:07	2017-06-24 21:28:07
367	408	1	2017-06-25 01:49:54	2017-06-25 01:49:54
362	403	5	2017-06-24 21:59:42	2017-06-24 21:59:42
363	404	7	2017-06-24 22:01:09	2017-06-24 22:01:09
364	405	7	2017-06-24 22:05:05	2017-06-24 22:05:05
365	406	7	2017-06-24 22:06:55	2017-06-24 22:06:55
636	602	7	2017-07-10 07:56:37	2017-07-10 07:56:37
368	408	6	2017-06-25 01:49:54	2017-06-25 01:49:54
369	409	1	2017-06-25 01:52:04	2017-06-25 01:52:04
370	410	7	2017-06-25 01:53:55	2017-06-25 01:53:55
371	411	10	2017-06-25 01:56:09	2017-06-25 01:56:09
567	536	4	2017-07-06 07:16:22	2017-07-06 07:16:22
373	413	7	2017-06-25 02:02:00	2017-06-25 02:02:00
374	414	7	2017-06-25 02:04:02	2017-06-25 02:04:02
375	415	7	2017-06-25 02:06:08	2017-06-25 02:06:08
376	415	1	2017-06-25 02:06:08	2017-06-25 02:06:08
377	416	7	2017-06-25 02:08:45	2017-06-25 02:08:45
378	417	7	2017-06-25 02:10:25	2017-06-25 02:10:25
379	418	7	2017-06-25 02:12:39	2017-06-25 02:12:39
380	418	1	2017-06-25 02:12:39	2017-06-25 02:12:39
381	419	7	2017-06-25 02:15:25	2017-06-25 02:15:25
382	420	10	2017-06-25 02:17:31	2017-06-25 02:17:31
383	421	1	2017-06-25 02:18:46	2017-06-25 02:18:46
384	422	7	2017-06-25 02:20:24	2017-06-25 02:20:24
385	423	7	2017-06-25 02:23:04	2017-06-25 02:23:04
386	423	1	2017-06-25 02:23:04	2017-06-25 02:23:04
387	423	2	2017-06-25 02:23:04	2017-06-25 02:23:04
397	354	2	2017-06-27 03:33:32	2017-06-27 03:33:32
389	425	7	2017-06-25 02:26:32	2017-06-25 02:26:32
390	426	7	2017-06-25 02:26:35	2017-06-25 02:26:35
391	427	7	2017-06-25 02:26:48	2017-06-25 02:26:48
392	428	7	2017-06-25 02:26:52	2017-06-25 02:26:52
393	429	10	2017-06-25 02:29:20	2017-06-25 02:29:20
394	430	1	2017-06-25 03:23:30	2017-06-25 03:23:30
395	379	6	2017-06-25 08:30:46	2017-06-25 08:30:46
396	379	2	2017-06-25 08:30:46	2017-06-25 08:30:46
398	385	6	2017-06-27 08:28:58	2017-06-27 08:28:58
399	431	7	2017-06-27 11:20:29	2017-06-27 11:20:29
400	432	7	2017-06-27 11:35:58	2017-06-27 11:35:58
401	18	7	2017-06-27 11:43:04	2017-06-27 11:43:04
402	18	5	2017-06-27 11:43:04	2017-06-27 11:43:04
403	396	7	2017-06-27 13:13:59	2017-06-27 13:13:59
404	387	5	2017-06-27 13:24:47	2017-06-27 13:24:47
405	386	7	2017-06-27 13:29:37	2017-06-27 13:29:37
406	386	5	2017-06-27 13:29:37	2017-06-27 13:29:37
407	384	2	2017-06-27 16:01:16	2017-06-27 16:01:16
408	383	2	2017-06-27 16:02:17	2017-06-27 16:02:17
409	433	7	2017-06-27 16:29:38	2017-06-27 16:29:38
410	433	6	2017-06-27 16:29:38	2017-06-27 16:29:38
411	434	7	2017-06-27 16:33:04	2017-06-27 16:33:04
412	434	5	2017-06-27 16:33:04	2017-06-27 16:33:04
413	382	6	2017-06-27 18:17:05	2017-06-27 18:17:05
414	381	2	2017-06-27 18:17:53	2017-06-27 18:17:53
415	380	2	2017-06-27 18:18:46	2017-06-27 18:18:46
416	380	1	2017-06-27 18:19:05	2017-06-27 18:19:05
417	378	1	2017-06-27 18:24:02	2017-06-27 18:24:02
418	377	2	2017-06-27 18:24:54	2017-06-27 18:24:54
419	376	7	2017-06-27 19:22:06	2017-06-27 19:22:06
420	375	7	2017-06-27 19:30:54	2017-06-27 19:30:54
421	375	6	2017-06-27 19:30:54	2017-06-27 19:30:54
422	374	7	2017-06-27 19:34:31	2017-06-27 19:34:31
423	373	7	2017-06-27 19:36:19	2017-06-27 19:36:19
424	373	6	2017-06-27 19:36:19	2017-06-27 19:36:19
425	372	7	2017-06-27 19:37:55	2017-06-27 19:37:55
426	372	2	2017-06-27 19:37:55	2017-06-27 19:37:55
427	370	2	2017-06-27 19:41:18	2017-06-27 19:41:18
428	368	2	2017-06-27 19:46:43	2017-06-27 19:46:43
429	367	1	2017-06-27 19:53:46	2017-06-27 19:53:46
430	367	6	2017-06-27 19:53:46	2017-06-27 19:53:46
431	366	2	2017-06-27 19:54:48	2017-06-27 19:54:48
432	365	17	2017-06-27 20:01:10	2017-06-27 20:01:10
433	364	6	2017-06-27 20:02:34	2017-06-27 20:02:34
440	439	7	2017-06-27 23:11:20	2017-06-27 23:11:20
435	362	6	2017-06-27 20:06:45	2017-06-27 20:06:45
436	361	7	2017-06-27 20:09:04	2017-06-27 20:09:04
437	360	6	2017-06-27 20:14:39	2017-06-27 20:14:39
438	435	6	2017-06-27 21:21:19	2017-06-27 21:21:19
439	359	7	2017-06-27 21:41:55	2017-06-27 21:41:55
441	440	7	2017-06-28 07:21:56	2017-06-28 07:21:56
442	444	1	2017-06-28 10:49:01	2017-06-28 10:49:01
443	443	1	2017-06-28 10:49:28	2017-06-28 10:49:28
444	442	6	2017-06-28 10:50:18	2017-06-28 10:50:18
445	442	2	2017-06-28 10:50:18	2017-06-28 10:50:18
446	445	7	2017-06-28 16:17:29	2017-06-28 16:17:29
447	446	7	2017-06-28 16:21:11	2017-06-28 16:21:11
448	447	7	2017-06-28 18:35:39	2017-06-28 18:35:39
450	438	1	2017-06-28 19:36:49	2017-06-28 19:36:49
451	236	1	2017-06-28 19:38:35	2017-06-28 19:38:35
452	449	2	2017-06-29 08:30:35	2017-06-29 08:30:35
453	454	5	2017-06-29 08:52:29	2017-06-29 08:52:29
454	455	7	2017-06-29 13:19:03	2017-06-29 13:19:03
455	466	5	2017-06-29 22:30:06	2017-06-29 22:30:06
456	456	6	2017-06-29 22:40:13	2017-06-29 22:40:13
457	456	2	2017-06-29 22:40:13	2017-06-29 22:40:13
458	469	7	2017-06-30 07:33:41	2017-06-30 07:33:41
459	470	7	2017-06-30 07:45:28	2017-06-30 07:45:28
460	471	7	2017-06-30 08:09:06	2017-06-30 08:09:06
461	471	1	2017-06-30 08:09:06	2017-06-30 08:09:06
462	472	7	2017-06-30 08:11:33	2017-06-30 08:11:33
463	472	5	2017-06-30 08:11:33	2017-06-30 08:11:33
464	265	7	2017-06-30 15:15:48	2017-06-30 15:15:48
465	264	6	2017-06-30 15:17:29	2017-06-30 15:17:29
466	263	7	2017-06-30 15:22:30	2017-06-30 15:22:30
467	262	7	2017-06-30 15:23:26	2017-06-30 15:23:26
468	261	2	2017-06-30 15:25:15	2017-06-30 15:25:15
469	260	2	2017-06-30 15:26:17	2017-06-30 15:26:17
470	259	7	2017-06-30 15:31:57	2017-06-30 15:31:57
471	258	1	2017-06-30 15:33:31	2017-06-30 15:33:31
472	249	2	2017-06-30 15:38:06	2017-06-30 15:38:06
473	248	7	2017-06-30 15:38:46	2017-06-30 15:38:46
474	247	1	2017-06-30 15:39:20	2017-06-30 15:39:20
475	246	1	2017-06-30 15:39:49	2017-06-30 15:39:49
476	244	7	2017-06-30 15:43:14	2017-06-30 15:43:14
477	243	1	2017-06-30 15:45:05	2017-06-30 15:45:05
478	242	1	2017-06-30 15:47:38	2017-06-30 15:47:38
479	241	1	2017-06-30 15:48:34	2017-06-30 15:48:34
480	240	1	2017-06-30 15:49:10	2017-06-30 15:49:10
481	239	1	2017-06-30 15:50:28	2017-06-30 15:50:28
482	238	6	2017-06-30 15:52:03	2017-06-30 15:52:03
483	237	2	2017-06-30 15:53:47	2017-06-30 15:53:47
484	235	1	2017-06-30 15:54:57	2017-06-30 15:54:57
485	234	2	2017-06-30 15:56:26	2017-06-30 15:56:26
486	233	7	2017-06-30 15:57:19	2017-06-30 15:57:19
515	480	6	2017-07-01 00:16:58	2017-07-01 00:16:58
488	231	2	2017-06-30 16:00:29	2017-06-30 16:00:29
489	230	7	2017-06-30 16:02:36	2017-06-30 16:02:36
490	229	2	2017-06-30 16:11:00	2017-06-30 16:11:00
491	228	6	2017-06-30 16:13:00	2017-06-30 16:13:00
492	227	6	2017-06-30 16:13:24	2017-06-30 16:13:24
493	226	2	2017-06-30 16:17:31	2017-06-30 16:17:31
494	225	2	2017-06-30 16:18:20	2017-06-30 16:18:20
495	223	1	2017-06-30 16:21:12	2017-06-30 16:21:12
496	223	2	2017-06-30 16:21:12	2017-06-30 16:21:12
497	222	1	2017-06-30 16:23:00	2017-06-30 16:23:00
498	180	7	2017-06-30 18:45:51	2017-06-30 18:45:51
499	179	7	2017-06-30 18:48:48	2017-06-30 18:48:48
500	179	2	2017-06-30 18:48:48	2017-06-30 18:48:48
501	178	2	2017-06-30 18:49:58	2017-06-30 18:49:58
502	156	2	2017-06-30 19:15:31	2017-06-30 19:15:31
503	154	7	2017-06-30 19:18:28	2017-06-30 19:18:28
504	151	7	2017-06-30 19:23:31	2017-06-30 19:23:31
505	149	2	2017-06-30 19:24:16	2017-06-30 19:24:16
506	148	2	2017-06-30 19:25:10	2017-06-30 19:25:10
507	147	2	2017-06-30 19:26:15	2017-06-30 19:26:15
508	146	2	2017-06-30 19:27:37	2017-06-30 19:27:37
509	142	7	2017-06-30 19:38:41	2017-06-30 19:38:41
510	139	7	2017-06-30 19:41:56	2017-06-30 19:41:56
512	135	2	2017-06-30 19:50:36	2017-06-30 19:50:36
513	133	1	2017-06-30 19:52:19	2017-06-30 19:52:19
514	479	1	2017-06-30 22:45:55	2017-06-30 22:45:55
516	481	7	2017-07-01 03:14:23	2017-07-01 03:14:23
517	481	5	2017-07-01 03:14:23	2017-07-01 03:14:23
518	459	7	2017-07-01 21:42:25	2017-07-01 21:42:25
520	453	7	2017-07-02 20:23:11	2017-07-02 20:23:11
521	482	7	2017-07-02 20:35:01	2017-07-02 20:35:01
522	482	1	2017-07-02 20:35:01	2017-07-02 20:35:01
523	483	7	2017-07-02 20:37:44	2017-07-02 20:37:44
524	483	5	2017-07-02 20:37:44	2017-07-02 20:37:44
525	484	7	2017-07-02 20:43:03	2017-07-02 20:43:03
526	485	7	2017-07-02 20:44:49	2017-07-02 20:44:49
527	486	15	2017-07-02 20:47:06	2017-07-02 20:47:06
528	487	1	2017-07-02 20:52:07	2017-07-02 20:52:07
529	487	6	2017-07-02 20:52:07	2017-07-02 20:52:07
530	488	10	2017-07-02 20:59:30	2017-07-02 20:59:30
531	489	7	2017-07-02 21:12:44	2017-07-02 21:12:44
532	490	3	2017-07-03 07:09:03	2017-07-03 07:09:03
533	491	7	2017-07-03 08:36:59	2017-07-03 08:36:59
534	491	5	2017-07-03 08:36:59	2017-07-03 08:36:59
535	492	7	2017-07-03 08:54:06	2017-07-03 08:54:06
536	493	7	2017-07-03 08:58:32	2017-07-03 08:58:32
537	493	5	2017-07-03 08:58:32	2017-07-03 08:58:32
539	494	7	2017-07-03 17:07:05	2017-07-03 17:07:05
540	495	5	2017-07-03 17:13:29	2017-07-03 17:13:29
543	498	7	2017-07-03 17:26:06	2017-07-03 17:26:06
547	507	5	2017-07-04 12:36:48	2017-07-04 12:36:48
544	499	7	2017-07-04 01:09:43	2017-07-04 01:09:43
545	500	7	2017-07-04 01:25:48	2017-07-04 01:25:48
546	461	7	2017-07-04 07:28:33	2017-07-04 07:28:33
548	508	7	2017-07-04 12:48:06	2017-07-04 12:48:06
549	508	1	2017-07-04 12:48:06	2017-07-04 12:48:06
550	509	5	2017-07-04 14:16:47	2017-07-04 14:16:47
551	522	7	2017-07-05 10:17:57	2017-07-05 10:17:57
552	523	7	2017-07-05 10:27:38	2017-07-05 10:27:38
553	524	7	2017-07-05 20:10:25	2017-07-05 20:10:25
554	525	1	2017-07-05 20:20:35	2017-07-05 20:20:35
555	525	3	2017-07-05 20:20:35	2017-07-05 20:20:35
556	526	2	2017-07-05 20:28:33	2017-07-05 20:28:33
557	528	7	2017-07-05 21:34:40	2017-07-05 21:34:40
558	528	1	2017-07-05 21:34:40	2017-07-05 21:34:40
559	528	3	2017-07-05 21:34:40	2017-07-05 21:34:40
560	529	4	2017-07-06 06:47:50	2017-07-06 06:47:50
561	530	4	2017-07-06 06:53:36	2017-07-06 06:53:36
562	531	4	2017-07-06 06:56:06	2017-07-06 06:56:06
563	532	4	2017-07-06 06:59:12	2017-07-06 06:59:12
564	533	4	2017-07-06 07:00:08	2017-07-06 07:00:08
565	534	4	2017-07-06 07:03:40	2017-07-06 07:03:40
566	535	4	2017-07-06 07:08:42	2017-07-06 07:08:42
568	452	7	2017-07-06 14:53:59	2017-07-06 14:53:59
569	537	5	2017-07-07 20:05:25	2017-07-07 20:05:25
570	538	5	2017-07-07 20:09:59	2017-07-07 20:09:59
571	539	5	2017-07-07 20:15:13	2017-07-07 20:15:13
572	540	5	2017-07-07 20:19:20	2017-07-07 20:19:20
573	541	5	2017-07-07 20:29:57	2017-07-07 20:29:57
574	542	5	2017-07-07 20:41:43	2017-07-07 20:41:43
575	543	5	2017-07-07 20:45:55	2017-07-07 20:45:55
576	544	5	2017-07-07 20:57:18	2017-07-07 20:57:18
577	545	5	2017-07-07 21:06:39	2017-07-07 21:06:39
578	546	5	2017-07-07 21:13:15	2017-07-07 21:13:15
579	547	2	2017-07-08 07:35:19	2017-07-08 07:35:19
580	548	7	2017-07-08 08:48:46	2017-07-08 08:48:46
581	549	5	2017-07-08 11:20:39	2017-07-08 11:20:39
582	550	5	2017-07-08 14:12:00	2017-07-08 14:12:00
583	551	5	2017-07-08 14:26:12	2017-07-08 14:26:12
584	551	3	2017-07-08 14:38:52	2017-07-08 14:38:52
585	552	5	2017-07-08 14:39:26	2017-07-08 14:39:26
586	553	5	2017-07-08 14:48:43	2017-07-08 14:48:43
587	554	5	2017-07-08 15:01:31	2017-07-08 15:01:31
588	555	5	2017-07-08 15:12:20	2017-07-08 15:12:20
589	556	5	2017-07-08 16:56:50	2017-07-08 16:56:50
590	557	5	2017-07-08 17:00:02	2017-07-08 17:00:02
591	558	5	2017-07-08 17:03:23	2017-07-08 17:03:23
592	559	5	2017-07-08 17:23:26	2017-07-08 17:23:26
593	560	5	2017-07-08 17:28:54	2017-07-08 17:28:54
594	561	5	2017-07-08 17:35:33	2017-07-08 17:35:33
595	562	5	2017-07-08 17:40:10	2017-07-08 17:40:10
596	563	5	2017-07-08 17:44:31	2017-07-08 17:44:31
597	564	5	2017-07-08 17:49:23	2017-07-08 17:49:23
598	565	4	2017-07-08 19:01:31	2017-07-08 19:01:31
599	566	4	2017-07-08 19:06:12	2017-07-08 19:06:12
600	567	5	2017-07-08 19:12:38	2017-07-08 19:12:38
601	568	4	2017-07-08 19:19:18	2017-07-08 19:19:18
602	569	4	2017-07-08 19:24:30	2017-07-08 19:24:30
603	570	4	2017-07-08 19:27:41	2017-07-08 19:27:41
604	571	4	2017-07-08 19:32:23	2017-07-08 19:32:23
605	572	4	2017-07-08 19:35:27	2017-07-08 19:35:27
606	573	4	2017-07-08 19:37:54	2017-07-08 19:37:54
607	574	4	2017-07-08 19:40:15	2017-07-08 19:40:15
608	575	4	2017-07-08 19:48:16	2017-07-08 19:48:16
609	576	4	2017-07-08 19:59:36	2017-07-08 19:59:36
610	577	4	2017-07-08 20:01:33	2017-07-08 20:01:33
611	578	4	2017-07-08 20:05:37	2017-07-08 20:05:37
612	579	4	2017-07-08 20:23:08	2017-07-08 20:23:08
613	580	4	2017-07-08 20:29:34	2017-07-08 20:29:34
614	581	4	2017-07-08 20:33:26	2017-07-08 20:33:26
615	582	4	2017-07-08 21:19:05	2017-07-08 21:19:05
616	583	4	2017-07-08 21:21:30	2017-07-08 21:21:30
617	584	4	2017-07-08 21:24:10	2017-07-08 21:24:10
618	585	4	2017-07-08 21:28:10	2017-07-08 21:28:10
619	586	4	2017-07-08 21:33:52	2017-07-08 21:33:52
620	587	4	2017-07-08 21:42:54	2017-07-08 21:42:54
621	588	4	2017-07-08 22:01:02	2017-07-08 22:01:02
622	589	4	2017-07-08 22:03:09	2017-07-08 22:03:09
623	590	4	2017-07-08 22:05:31	2017-07-08 22:05:31
624	591	4	2017-07-08 22:08:23	2017-07-08 22:08:23
625	592	4	2017-07-08 22:12:20	2017-07-08 22:12:20
626	593	4	2017-07-08 22:14:37	2017-07-08 22:14:37
627	594	7	2017-07-09 07:59:32	2017-07-09 07:59:32
628	595	7	2017-07-09 08:02:17	2017-07-09 08:02:17
629	595	2	2017-07-09 08:02:17	2017-07-09 08:02:17
630	596	7	2017-07-09 08:10:52	2017-07-09 08:10:52
631	597	7	2017-07-09 08:13:22	2017-07-09 08:13:22
632	598	7	2017-07-09 08:16:41	2017-07-09 08:16:41
633	599	7	2017-07-09 08:20:32	2017-07-09 08:20:32
634	600	7	2017-07-09 08:36:17	2017-07-09 08:36:17
635	601	7	2017-07-09 08:42:15	2017-07-09 08:42:15
637	603	1	2017-07-10 09:11:34	2017-07-10 09:11:34
638	604	5	2017-07-10 09:40:34	2017-07-10 09:40:34
639	605	5	2017-07-10 09:44:02	2017-07-10 09:44:02
640	606	5	2017-07-10 09:47:58	2017-07-10 09:47:58
641	607	5	2017-07-10 09:52:23	2017-07-10 09:52:23
642	608	5	2017-07-10 09:58:14	2017-07-10 09:58:14
643	609	5	2017-07-10 10:01:14	2017-07-10 10:01:14
644	610	5	2017-07-10 10:12:53	2017-07-10 10:12:53
645	611	5	2017-07-10 10:18:24	2017-07-10 10:18:24
646	612	4	2017-07-10 10:34:26	2017-07-10 10:34:26
647	613	4	2017-07-10 10:38:13	2017-07-10 10:38:13
648	614	4	2017-07-10 10:40:57	2017-07-10 10:40:57
649	615	4	2017-07-10 10:45:25	2017-07-10 10:45:25
650	616	4	2017-07-10 10:48:01	2017-07-10 10:48:01
651	617	4	2017-07-10 10:53:24	2017-07-10 10:53:24
652	618	4	2017-07-10 10:56:14	2017-07-10 10:56:14
653	619	4	2017-07-10 11:00:05	2017-07-10 11:00:05
654	620	4	2017-07-10 11:03:13	2017-07-10 11:03:13
655	621	4	2017-07-10 11:05:39	2017-07-10 11:05:39
656	622	4	2017-07-10 11:07:54	2017-07-10 11:07:54
657	623	5	2017-07-10 11:26:15	2017-07-10 11:26:15
658	624	5	2017-07-10 11:30:00	2017-07-10 11:30:00
659	625	5	2017-07-10 11:33:51	2017-07-10 11:33:51
660	626	5	2017-07-10 11:36:54	2017-07-10 11:36:54
661	627	5	2017-07-10 11:43:14	2017-07-10 11:43:14
662	628	5	2017-07-10 11:46:04	2017-07-10 11:46:04
663	629	5	2017-07-10 11:48:43	2017-07-10 11:48:43
664	630	7	2017-07-10 13:20:38	2017-07-10 13:20:38
665	631	2	2017-07-10 14:23:04	2017-07-10 14:23:04
666	632	2	2017-07-10 14:25:13	2017-07-10 14:25:13
667	633	1	2017-07-10 14:28:48	2017-07-10 14:28:48
668	634	7	2017-07-10 14:37:05	2017-07-10 14:37:05
669	634	5	2017-07-10 14:37:05	2017-07-10 14:37:05
670	635	5	2017-07-10 14:40:22	2017-07-10 14:40:22
671	636	7	2017-07-10 14:43:44	2017-07-10 14:43:44
672	637	7	2017-07-10 14:51:46	2017-07-10 14:51:46
673	638	7	2017-07-11 09:28:28	2017-07-11 09:28:28
674	639	2	2017-07-11 12:39:29	2017-07-11 12:39:29
675	640	6	2017-07-11 12:56:35	2017-07-11 12:56:35
676	641	2	2017-07-11 12:57:21	2017-07-11 12:57:21
677	642	7	2017-07-11 14:46:48	2017-07-11 14:46:48
678	643	1	2017-07-11 15:59:18	2017-07-11 15:59:18
679	644	2	2017-07-11 16:17:10	2017-07-11 16:17:10
680	645	2	2017-07-11 16:33:11	2017-07-11 16:33:11
681	646	6	2017-07-12 09:42:30	2017-07-12 09:42:30
682	648	6	2017-07-12 10:01:46	2017-07-12 10:01:46
683	651	6	2017-07-12 10:11:59	2017-07-12 10:11:59
684	655	6	2017-07-12 10:23:30	2017-07-12 10:23:30
685	660	6	2017-07-12 10:54:47	2017-07-12 10:54:47
686	661	6	2017-07-12 11:19:47	2017-07-12 11:19:47
687	662	5	2017-07-14 12:04:25	2017-07-14 12:04:25
688	663	15	2017-07-14 12:35:17	2017-07-14 12:35:17
689	680	7	2017-07-15 12:10:42	2017-07-15 12:10:42
690	680	1	2017-07-15 12:10:42	2017-07-15 12:10:42
691	460	7	2017-07-15 13:55:11	2017-07-15 13:55:11
692	700	7	2017-07-17 21:00:16	2017-07-17 21:00:16
693	701	6	2017-07-17 21:10:22	2017-07-17 21:10:22
694	701	2	2017-07-17 21:10:22	2017-07-17 21:10:22
695	702	7	2017-07-17 21:13:39	2017-07-17 21:13:39
696	702	5	2017-07-17 21:13:39	2017-07-17 21:13:39
697	703	7	2017-07-17 21:17:36	2017-07-17 21:17:36
698	704	7	2017-07-17 22:03:40	2017-07-17 22:03:40
699	705	7	2017-07-17 22:08:19	2017-07-17 22:08:19
700	706	7	2017-07-17 22:10:14	2017-07-17 22:10:14
701	707	5	2017-07-17 22:14:20	2017-07-17 22:14:20
702	708	7	2017-07-17 22:17:10	2017-07-17 22:17:10
703	708	5	2017-07-17 22:17:10	2017-07-17 22:17:10
704	709	6	2017-07-17 22:21:14	2017-07-17 22:21:14
705	710	6	2017-07-17 22:23:35	2017-07-17 22:23:35
706	711	7	2017-07-17 22:27:09	2017-07-17 22:27:09
707	712	5	2017-07-17 22:31:33	2017-07-17 22:31:33
708	713	5	2017-07-17 22:33:17	2017-07-17 22:33:17
709	714	1	2017-07-17 22:36:40	2017-07-17 22:36:40
710	715	7	2017-07-17 22:38:59	2017-07-17 22:38:59
711	716	7	2017-07-17 22:42:10	2017-07-17 22:42:10
712	717	7	2017-07-17 22:50:16	2017-07-17 22:50:16
713	717	5	2017-07-17 22:50:16	2017-07-17 22:50:16
714	718	1	2017-07-17 22:52:34	2017-07-17 22:52:34
715	719	7	2017-07-17 22:57:14	2017-07-17 22:57:14
716	719	5	2017-07-17 22:57:14	2017-07-17 22:57:14
717	719	2	2017-07-17 22:57:14	2017-07-17 22:57:14
718	720	7	2017-07-17 23:02:27	2017-07-17 23:02:27
719	721	7	2017-07-17 23:09:41	2017-07-17 23:09:41
720	722	7	2017-07-17 23:11:44	2017-07-17 23:11:44
721	723	5	2017-07-17 23:13:53	2017-07-17 23:13:53
722	724	7	2017-07-17 23:46:23	2017-07-17 23:46:23
723	724	1	2017-07-17 23:46:23	2017-07-17 23:46:23
724	725	1	2017-07-17 23:48:37	2017-07-17 23:48:37
725	726	7	2017-07-17 23:52:33	2017-07-17 23:52:33
726	726	5	2017-07-17 23:52:33	2017-07-17 23:52:33
727	727	7	2017-07-17 23:55:08	2017-07-17 23:55:08
728	727	5	2017-07-17 23:55:08	2017-07-17 23:55:08
729	728	6	2017-07-17 23:59:07	2017-07-17 23:59:07
730	729	7	2017-07-18 00:01:59	2017-07-18 00:01:59
731	730	7	2017-07-18 00:08:41	2017-07-18 00:08:41
732	731	7	2017-07-18 00:12:15	2017-07-18 00:12:15
733	732	6	2017-07-18 00:14:32	2017-07-18 00:14:32
734	733	4	2017-07-18 09:35:23	2017-07-18 09:35:23
735	734	4	2017-07-18 09:41:58	2017-07-18 09:41:58
736	735	4	2017-07-18 09:53:38	2017-07-18 09:53:38
737	736	4	2017-07-18 10:11:08	2017-07-18 10:11:08
738	737	4	2017-07-18 10:14:59	2017-07-18 10:14:59
739	738	4	2017-07-18 10:22:01	2017-07-18 10:22:01
740	739	4	2017-07-18 10:26:43	2017-07-18 10:26:43
741	740	4	2017-07-18 10:29:51	2017-07-18 10:29:51
742	741	4	2017-07-18 10:42:50	2017-07-18 10:42:50
744	742	1	2017-07-20 08:54:47	2017-07-20 08:54:47
745	670	5	2017-07-20 17:35:50	2017-07-20 17:35:50
746	743	7	2017-07-22 14:22:41	2017-07-22 14:22:41
747	743	2	2017-07-22 14:22:41	2017-07-22 14:22:41
748	744	5	2017-07-22 16:10:54	2017-07-22 16:10:54
749	745	7	2017-07-22 16:19:32	2017-07-22 16:19:32
750	746	5	2017-07-22 16:23:04	2017-07-22 16:23:04
751	747	2	2017-07-22 16:25:41	2017-07-22 16:25:41
752	748	7	2017-07-22 16:27:29	2017-07-22 16:27:29
753	749	3	2017-07-22 16:36:03	2017-07-22 16:36:03
754	750	7	2017-07-22 16:55:00	2017-07-22 16:55:00
755	750	5	2017-07-22 16:55:00	2017-07-22 16:55:00
756	751	7	2017-07-22 16:56:57	2017-07-22 16:56:57
757	752	7	2017-07-22 16:59:15	2017-07-22 16:59:15
758	753	7	2017-07-22 17:00:49	2017-07-22 17:00:49
759	754	6	2017-07-22 17:03:04	2017-07-22 17:03:04
760	755	7	2017-07-22 17:05:04	2017-07-22 17:05:04
761	756	1	2017-07-24 22:55:37	2017-07-24 22:55:37
762	757	2	2017-07-26 09:36:51	2017-07-26 09:36:51
763	758	6	2017-07-26 09:52:39	2017-07-26 09:52:39
764	759	1	2017-07-26 10:12:10	2017-07-26 10:12:10
765	760	7	2017-07-26 10:28:33	2017-07-26 10:28:33
766	451	7	2017-07-26 13:57:53	2017-07-26 13:57:53
767	761	5	2017-07-27 09:09:30	2017-07-27 09:09:30
768	762	2	2017-07-27 09:16:00	2017-07-27 09:16:00
769	763	6	2017-07-27 09:35:14	2017-07-27 09:35:14
770	764	6	2017-07-27 19:31:22	2017-07-27 19:31:22
771	765	1	2017-07-27 19:50:56	2017-07-27 19:50:56
772	765	3	2017-07-27 19:50:56	2017-07-27 19:50:56
773	766	7	2017-07-27 19:55:34	2017-07-27 19:55:34
774	767	25	2017-08-01 15:04:35	2017-08-01 15:04:35
775	768	4	2017-08-01 17:42:58	2017-08-01 17:42:58
776	769	4	2017-08-01 17:45:41	2017-08-01 17:45:41
777	770	4	2017-08-01 17:47:51	2017-08-01 17:47:51
778	771	4	2017-08-01 17:51:55	2017-08-01 17:51:55
779	772	6	2017-08-01 17:54:26	2017-08-01 17:54:26
780	773	1	2017-08-01 17:56:24	2017-08-01 17:56:24
781	774	7	2017-08-01 18:01:06	2017-08-01 18:01:06
782	776	4	2017-08-01 18:10:46	2017-08-01 18:10:46
783	777	27	2017-08-01 18:21:15	2017-08-01 18:21:15
784	778	6	2017-08-01 18:25:56	2017-08-01 18:25:56
785	779	1	2017-08-01 18:28:59	2017-08-01 18:28:59
786	780	28	2017-08-01 18:32:14	2017-08-01 18:32:14
787	781	4	2017-08-01 18:34:40	2017-08-01 18:34:40
788	782	7	2017-08-01 18:36:12	2017-08-01 18:36:12
789	783	7	2017-08-01 18:38:41	2017-08-01 18:38:41
790	784	6	2017-08-06 20:42:37	2017-08-06 20:42:37
791	785	7	2017-08-06 23:08:43	2017-08-06 23:08:43
792	786	22	2017-08-08 13:52:40	2017-08-08 13:52:40
793	787	6	2017-08-08 13:55:43	2017-08-08 13:55:43
794	788	6	2017-08-08 14:00:52	2017-08-08 14:00:52
796	790	6	2017-08-08 14:25:26	2017-08-08 14:25:26
797	791	6	2017-08-08 14:26:38	2017-08-08 14:26:38
798	792	6	2017-08-08 14:28:34	2017-08-08 14:28:34
799	793	4	2017-08-08 14:33:34	2017-08-08 14:33:34
800	794	7	2017-08-08 14:36:24	2017-08-08 14:36:24
801	795	7	2017-08-08 14:38:59	2017-08-08 14:38:59
802	796	4	2017-08-08 14:43:44	2017-08-08 14:43:44
803	797	7	2017-08-08 14:48:53	2017-08-08 14:48:53
804	798	7	2017-08-08 14:54:40	2017-08-08 14:54:40
805	799	7	2017-08-08 15:01:58	2017-08-08 15:01:58
806	800	7	2017-08-08 15:10:50	2017-08-08 15:10:50
807	801	6	2017-08-08 15:12:31	2017-08-08 15:12:31
808	802	6	2017-08-08 15:13:44	2017-08-08 15:13:44
809	803	4	2017-08-08 15:22:59	2017-08-08 15:22:59
810	804	4	2017-08-08 15:24:51	2017-08-08 15:24:51
811	805	7	2017-08-11 08:40:37	2017-08-11 08:40:37
812	805	17	2017-08-11 08:40:37	2017-08-11 08:40:37
813	806	7	2017-08-12 18:56:41	2017-08-12 18:56:41
814	807	7	2017-08-12 18:57:59	2017-08-12 18:57:59
815	808	7	2017-08-12 19:10:04	2017-08-12 19:10:04
816	808	5	2017-08-12 19:10:04	2017-08-12 19:10:04
817	809	7	2017-08-12 19:20:20	2017-08-12 19:20:20
818	809	1	2017-08-12 19:20:20	2017-08-12 19:20:20
819	810	7	2017-08-12 19:28:59	2017-08-12 19:28:59
820	810	1	2017-08-12 19:28:59	2017-08-12 19:28:59
821	811	7	2017-08-12 19:45:00	2017-08-12 19:45:00
822	811	5	2017-08-12 19:45:00	2017-08-12 19:45:00
823	812	7	2017-08-12 19:59:50	2017-08-12 19:59:50
824	813	7	2017-08-12 20:02:40	2017-08-12 20:02:40
825	813	1	2017-08-12 20:02:40	2017-08-12 20:02:40
826	814	7	2017-08-12 20:12:10	2017-08-12 20:12:10
827	815	7	2017-08-12 20:21:05	2017-08-12 20:21:05
828	816	7	2017-08-12 21:21:55	2017-08-12 21:21:55
829	817	7	2017-08-12 21:38:07	2017-08-12 21:38:07
830	818	7	2017-08-12 21:46:14	2017-08-12 21:46:14
831	819	7	2017-08-12 21:52:19	2017-08-12 21:52:19
832	819	5	2017-08-12 21:52:19	2017-08-12 21:52:19
833	820	1	2017-08-13 07:15:32	2017-08-13 07:15:32
834	821	7	2017-08-13 07:18:44	2017-08-13 07:18:44
835	822	1	2017-08-13 07:22:10	2017-08-13 07:22:10
836	823	7	2017-08-13 07:24:20	2017-08-13 07:24:20
837	824	7	2017-08-13 07:27:23	2017-08-13 07:27:23
838	824	5	2017-08-13 07:27:23	2017-08-13 07:27:23
839	825	7	2017-08-13 07:56:56	2017-08-13 07:56:56
840	826	7	2017-08-14 12:17:58	2017-08-14 12:17:58
841	827	7	2017-08-14 12:20:31	2017-08-14 12:20:31
842	828	7	2017-08-14 12:21:55	2017-08-14 12:21:55
843	828	2	2017-08-14 12:21:55	2017-08-14 12:21:55
844	829	12	2017-08-14 12:24:23	2017-08-14 12:24:23
845	830	7	2017-08-14 12:26:14	2017-08-14 12:26:14
846	831	7	2017-08-14 12:28:05	2017-08-14 12:28:05
847	832	2	2017-08-14 12:30:06	2017-08-14 12:30:06
848	833	7	2017-08-14 12:33:39	2017-08-14 12:33:39
849	833	5	2017-08-14 12:33:39	2017-08-14 12:33:39
850	834	7	2017-08-14 12:35:21	2017-08-14 12:35:21
851	834	2	2017-08-14 12:35:21	2017-08-14 12:35:21
852	835	7	2017-08-14 12:36:48	2017-08-14 12:36:48
853	835	1	2017-08-14 12:36:48	2017-08-14 12:36:48
854	836	5	2017-08-14 12:39:38	2017-08-14 12:39:38
855	837	7	2017-08-14 12:43:54	2017-08-14 12:43:54
856	838	5	2017-08-14 12:46:03	2017-08-14 12:46:03
857	839	7	2017-08-14 12:51:14	2017-08-14 12:51:14
858	839	5	2017-08-14 12:51:14	2017-08-14 12:51:14
859	840	6	2017-08-14 12:53:56	2017-08-14 12:53:56
860	840	2	2017-08-14 12:53:56	2017-08-14 12:53:56
861	841	7	2017-08-14 12:55:12	2017-08-14 12:55:12
862	842	5	2017-08-14 12:56:36	2017-08-14 12:56:36
863	843	7	2017-08-14 12:57:51	2017-08-14 12:57:51
864	844	7	2017-08-14 12:58:54	2017-08-14 12:58:54
865	845	7	2017-08-14 13:00:56	2017-08-14 13:00:56
866	846	7	2017-08-14 13:02:37	2017-08-14 13:02:37
867	847	7	2017-08-14 13:04:28	2017-08-14 13:04:28
868	848	7	2017-08-14 13:05:35	2017-08-14 13:05:35
869	848	2	2017-08-14 13:05:35	2017-08-14 13:05:35
870	849	7	2017-08-14 13:06:48	2017-08-14 13:06:48
871	850	7	2017-08-14 13:08:12	2017-08-14 13:08:12
872	851	5	2017-08-14 13:11:52	2017-08-14 13:11:52
873	852	5	2017-08-14 13:13:36	2017-08-14 13:13:36
874	853	7	2017-08-14 13:14:53	2017-08-14 13:14:53
875	853	2	2017-08-14 13:14:53	2017-08-14 13:14:53
876	854	7	2017-08-14 13:16:33	2017-08-14 13:16:33
877	854	5	2017-08-14 13:16:33	2017-08-14 13:16:33
878	855	1	2017-08-14 13:18:06	2017-08-14 13:18:06
879	856	1	2017-08-14 13:19:09	2017-08-14 13:19:09
880	857	2	2017-08-21 11:29:16	2017-08-21 11:29:16
881	858	6	2017-08-23 08:31:55	2017-08-23 08:31:55
882	859	2	2017-08-23 08:38:21	2017-08-23 08:38:21
883	860	6	2017-08-23 08:42:20	2017-08-23 08:42:20
884	861	6	2017-08-23 08:46:37	2017-08-23 08:46:37
885	862	6	2017-08-23 08:52:40	2017-08-23 08:52:40
886	863	6	2017-08-23 09:03:45	2017-08-23 09:03:45
887	864	7	2017-09-13 12:40:08	2017-09-13 12:40:08
888	865	4	2017-09-17 09:07:32	2017-09-17 09:07:32
889	866	7	2017-09-17 09:23:49	2017-09-17 09:23:49
890	867	4	2017-09-17 09:28:06	2017-09-17 09:28:06
891	868	4	2017-09-17 09:30:04	2017-09-17 09:30:04
892	869	4	2017-09-17 09:31:56	2017-09-17 09:31:56
893	870	4	2017-09-17 09:34:09	2017-09-17 09:34:09
894	871	4	2017-09-17 09:35:16	2017-09-17 09:35:16
895	872	4	2017-09-17 09:36:30	2017-09-17 09:36:30
896	873	4	2017-09-17 09:37:33	2017-09-17 09:37:33
897	874	4	2017-09-17 09:38:27	2017-09-17 09:38:27
898	875	4	2017-09-17 09:39:41	2017-09-17 09:39:41
899	876	4	2017-09-17 09:49:25	2017-09-17 09:49:25
900	877	4	2017-09-17 09:52:06	2017-09-17 09:52:06
901	878	4	2017-09-17 09:54:36	2017-09-17 09:54:36
902	879	4	2017-09-17 09:56:16	2017-09-17 09:56:16
903	880	4	2017-09-17 09:57:07	2017-09-17 09:57:07
904	881	4	2017-09-17 09:58:57	2017-09-17 09:58:57
905	882	4	2017-09-17 09:59:50	2017-09-17 09:59:50
906	883	4	2017-09-17 10:02:56	2017-09-17 10:02:56
907	884	4	2017-09-17 10:04:32	2017-09-17 10:04:32
908	885	4	2017-09-17 10:07:25	2017-09-17 10:07:25
909	886	4	2017-09-17 10:08:30	2017-09-17 10:08:30
910	887	4	2017-09-17 10:10:34	2017-09-17 10:10:34
911	888	4	2017-09-17 10:20:07	2017-09-17 10:20:07
912	889	7	2017-09-17 10:23:42	2017-09-17 10:23:42
913	890	5	2017-09-17 10:25:45	2017-09-17 10:25:45
914	891	5	2017-09-17 10:26:37	2017-09-17 10:26:37
915	892	2	2017-09-17 10:28:23	2017-09-17 10:28:23
916	893	6	2017-09-17 10:30:44	2017-09-17 10:30:44
917	894	7	2017-09-17 10:31:41	2017-09-17 10:31:41
918	895	2	2017-09-17 22:20:38	2017-09-17 22:20:38
919	896	7	2017-09-17 22:26:25	2017-09-17 22:26:25
920	897	1	2017-09-17 22:34:47	2017-09-17 22:34:47
921	898	1	2017-09-17 22:47:00	2017-09-17 22:47:00
922	899	5	2017-09-17 22:49:05	2017-09-17 22:49:05
923	900	7	2017-09-17 22:52:05	2017-09-17 22:52:05
924	901	7	2017-09-18 12:36:35	2017-09-18 12:36:35
925	902	6	2017-09-18 12:38:24	2017-09-18 12:38:24
926	902	2	2017-09-18 12:38:24	2017-09-18 12:38:24
927	903	7	2017-09-18 12:39:58	2017-09-18 12:39:58
928	904	7	2017-09-18 12:41:39	2017-09-18 12:41:39
929	905	7	2017-09-18 12:43:27	2017-09-18 12:43:27
930	905	5	2017-09-18 12:43:27	2017-09-18 12:43:27
931	906	7	2017-09-18 12:45:09	2017-09-18 12:45:09
932	907	7	2017-09-18 12:45:58	2017-09-18 12:45:58
933	908	1	2017-09-18 12:47:25	2017-09-18 12:47:25
934	909	7	2017-09-18 12:48:10	2017-09-18 12:48:10
935	910	7	2017-09-18 12:50:19	2017-09-18 12:50:19
936	911	7	2017-09-18 12:51:39	2017-09-18 12:51:39
937	912	5	2017-09-18 12:52:33	2017-09-18 12:52:33
938	913	1	2017-09-18 12:53:21	2017-09-18 12:53:21
939	914	5	2017-09-18 13:12:27	2017-09-18 13:12:27
940	915	1	2017-09-18 13:14:57	2017-09-18 13:14:57
941	916	4	2017-09-18 13:30:11	2017-09-18 13:30:11
942	917	4	2017-09-18 13:31:10	2017-09-18 13:31:10
943	918	7	2017-09-18 13:32:03	2017-09-18 13:32:03
944	919	7	2017-09-18 13:36:38	2017-09-18 13:36:38
945	920	7	2017-09-18 13:38:48	2017-09-18 13:38:48
946	920	5	2017-09-18 13:38:48	2017-09-18 13:38:48
947	921	7	2017-09-18 14:58:54	2017-09-18 14:58:54
948	922	7	2017-09-18 15:04:18	2017-09-18 15:04:18
949	923	7	2017-09-18 15:05:43	2017-09-18 15:05:43
950	924	5	2017-09-18 15:07:02	2017-09-18 15:07:02
951	925	7	2017-09-18 15:08:34	2017-09-18 15:08:34
952	926	7	2017-09-18 15:11:00	2017-09-18 15:11:00
953	927	7	2017-09-18 15:13:15	2017-09-18 15:13:15
954	928	1	2017-09-18 15:14:09	2017-09-18 15:14:09
955	929	4	2017-09-18 15:15:28	2017-09-18 15:15:28
956	930	1	2017-09-18 15:18:24	2017-09-18 15:18:24
957	931	7	2017-09-18 15:23:13	2017-09-18 15:23:13
958	932	7	2017-09-18 15:35:33	2017-09-18 15:35:33
959	932	5	2017-09-18 15:35:33	2017-09-18 15:35:33
960	933	5	2017-09-18 15:36:32	2017-09-18 15:36:32
961	934	7	2017-09-18 15:39:01	2017-09-18 15:39:01
962	935	7	2017-09-18 15:40:43	2017-09-18 15:40:43
963	936	7	2017-09-18 15:41:29	2017-09-18 15:41:29
964	937	4	2017-09-18 15:42:44	2017-09-18 15:42:44
965	938	4	2017-09-18 15:48:36	2017-09-18 15:48:36
966	939	5	2017-09-18 15:49:58	2017-09-18 15:49:58
967	940	1	2017-09-18 15:51:28	2017-09-18 15:51:28
968	941	7	2017-09-18 15:53:49	2017-09-18 15:53:49
969	942	2	2017-09-18 15:59:41	2017-09-18 15:59:41
970	943	7	2017-09-18 16:01:10	2017-09-18 16:01:10
971	944	7	2017-09-18 16:09:55	2017-09-18 16:09:55
972	945	7	2017-09-18 16:15:31	2017-09-18 16:15:31
973	946	6	2017-09-18 16:22:06	2017-09-18 16:22:06
974	946	2	2017-09-18 16:22:06	2017-09-18 16:22:06
975	947	7	2017-09-18 16:25:41	2017-09-18 16:25:41
976	948	7	2017-09-18 16:29:38	2017-09-18 16:29:38
977	949	7	2017-09-18 16:30:40	2017-09-18 16:30:40
978	950	10	2017-09-18 16:32:24	2017-09-18 16:32:24
979	951	7	2017-09-18 16:34:30	2017-09-18 16:34:30
980	951	1	2017-09-18 16:34:30	2017-09-18 16:34:30
981	952	7	2017-09-18 16:35:19	2017-09-18 16:35:19
982	952	1	2017-09-18 16:35:19	2017-09-18 16:35:19
983	953	2	2017-09-18 16:49:57	2017-09-18 16:49:57
984	954	6	2017-09-18 16:54:18	2017-09-18 16:54:18
985	954	2	2017-09-18 16:54:18	2017-09-18 16:54:18
986	955	7	2017-09-18 16:55:24	2017-09-18 16:55:24
987	956	2	2017-09-18 17:01:32	2017-09-18 17:01:32
988	957	5	2017-09-18 17:02:55	2017-09-18 17:02:55
989	958	7	2017-09-19 13:48:26	2017-09-19 13:48:26
990	959	3	2017-09-19 13:54:54	2017-09-19 13:54:54
991	960	7	2017-09-19 13:58:32	2017-09-19 13:58:32
992	960	1	2017-09-19 13:58:32	2017-09-19 13:58:32
993	961	3	2017-09-19 14:15:26	2017-09-19 14:15:26
994	962	2	2017-09-19 14:17:39	2017-09-19 14:17:39
995	963	2	2017-09-19 14:19:49	2017-09-19 14:19:49
996	964	2	2017-09-19 14:21:28	2017-09-19 14:21:28
997	965	2	2017-09-19 14:22:53	2017-09-19 14:22:53
998	966	7	2017-09-19 14:23:39	2017-09-19 14:23:39
999	967	1	2017-09-19 14:24:30	2017-09-19 14:24:30
1000	968	7	2017-09-19 14:26:05	2017-09-19 14:26:05
1001	969	2	2017-09-19 14:26:41	2017-09-19 14:26:41
1002	970	2	2017-09-19 14:27:27	2017-09-19 14:27:27
1003	971	2	2017-09-19 14:29:10	2017-09-19 14:29:10
1004	972	7	2017-09-19 14:31:31	2017-09-19 14:31:31
1005	973	7	2017-09-19 14:33:19	2017-09-19 14:33:19
1006	973	5	2017-09-19 14:33:19	2017-09-19 14:33:19
1007	974	7	2017-09-19 14:34:55	2017-09-19 14:34:55
1008	975	7	2017-09-19 14:36:35	2017-09-19 14:36:35
1009	976	3	2017-09-19 14:37:22	2017-09-19 14:37:22
1010	977	12	2017-09-19 14:38:07	2017-09-19 14:38:07
1011	978	7	2017-09-19 14:39:18	2017-09-19 14:39:18
1012	979	5	2017-09-19 14:41:02	2017-09-19 14:41:02
1013	979	2	2017-09-19 14:41:02	2017-09-19 14:41:02
1014	980	7	2017-09-19 14:42:11	2017-09-19 14:42:11
1015	981	7	2017-09-19 14:46:56	2017-09-19 14:46:56
1016	982	2	2017-09-19 14:48:36	2017-09-19 14:48:36
1017	983	2	2017-09-19 14:51:05	2017-09-19 14:51:05
1018	984	7	2017-09-19 14:52:18	2017-09-19 14:52:18
1019	985	1	2017-09-19 14:53:45	2017-09-19 14:53:45
1020	986	7	2017-09-19 14:54:32	2017-09-19 14:54:32
1021	987	7	2017-09-19 14:56:00	2017-09-19 14:56:00
1022	988	7	2017-09-19 15:01:12	2017-09-19 15:01:12
1023	989	7	2017-09-19 16:03:07	2017-09-19 16:03:07
1024	990	7	2017-09-19 16:06:01	2017-09-19 16:06:01
1025	991	2	2017-09-20 17:20:57	2017-09-20 17:20:57
1026	992	7	2017-09-20 17:23:08	2017-09-20 17:23:08
1027	993	7	2017-09-20 17:25:04	2017-09-20 17:25:04
1028	994	7	2017-09-20 17:27:05	2017-09-20 17:27:05
1029	995	7	2017-09-20 17:30:37	2017-09-20 17:30:37
1030	995	5	2017-09-20 17:30:37	2017-09-20 17:30:37
1031	996	7	2017-09-20 17:33:15	2017-09-20 17:33:15
1032	996	5	2017-09-20 17:33:15	2017-09-20 17:33:15
1033	997	6	2017-09-22 05:34:03	2017-09-22 05:34:03
1034	998	7	2017-09-29 14:19:17	2017-09-29 14:19:17
1035	999	7	2017-10-01 12:59:56	2017-10-01 12:59:56
1036	1000	7	2017-10-02 08:36:34	2017-10-02 08:36:34
1037	1000	2	2017-10-02 08:36:34	2017-10-02 08:36:34
1038	1001	7	2017-10-06 11:29:25	2017-10-06 11:29:25
1039	1002	7	2017-10-08 07:30:47	2017-10-08 07:30:47
1040	1003	7	2017-10-08 14:42:52	2017-10-08 14:42:52
1041	1004	7	2017-10-09 13:35:34	2017-10-09 13:35:34
1042	1004	5	2017-10-09 13:35:34	2017-10-09 13:35:34
1043	1005	5	2017-10-10 19:13:00	2017-10-10 19:13:00
1044	1006	1	2017-10-12 11:40:06	2017-10-12 11:40:06
1045	1007	7	2017-10-13 16:41:12	2017-10-13 16:41:12
1046	1008	7	2017-10-13 16:45:08	2017-10-13 16:45:08
1047	1009	7	2017-10-13 16:48:45	2017-10-13 16:48:45
1048	1010	7	2017-10-13 16:52:59	2017-10-13 16:52:59
1055	1015	6	2017-10-17 10:00:08	2017-10-17 10:00:08
1050	1012	10	2017-10-13 17:04:05	2017-10-13 17:04:05
1051	1013	7	2017-10-13 17:07:44	2017-10-13 17:07:44
1052	1013	5	2017-10-13 17:07:44	2017-10-13 17:07:44
1053	1014	7	2017-10-13 17:09:42	2017-10-13 17:09:42
1054	1014	2	2017-10-13 17:09:42	2017-10-13 17:09:42
1056	1016	6	2017-10-17 10:01:29	2017-10-17 10:01:29
1057	1017	6	2017-10-17 10:02:33	2017-10-17 10:02:33
1058	1018	6	2017-10-17 10:04:01	2017-10-17 10:04:01
1059	1019	6	2017-10-17 10:05:13	2017-10-17 10:05:13
1060	1020	6	2017-10-17 10:06:30	2017-10-17 10:06:30
1061	1021	7	2017-10-17 11:07:14	2017-10-17 11:07:14
1062	1022	7	2017-10-17 11:25:16	2017-10-17 11:25:16
1063	1023	7	2017-10-17 11:26:56	2017-10-17 11:26:56
1064	1024	7	2017-10-17 11:30:31	2017-10-17 11:30:31
1065	1025	7	2017-10-17 11:32:57	2017-10-17 11:32:57
1066	1025	2	2017-10-17 11:32:57	2017-10-17 11:32:57
1067	1026	5	2017-10-29 10:54:36	2017-10-29 10:54:36
1068	1026	6	2017-10-29 10:54:36	2017-10-29 10:54:36
1069	1027	7	2017-10-30 16:00:59	2017-10-30 16:00:59
1070	1027	2	2017-10-30 16:00:59	2017-10-30 16:00:59
1071	1028	7	2017-10-30 16:11:23	2017-10-30 16:11:23
1072	1029	7	2017-10-30 16:12:33	2017-10-30 16:12:33
1073	1030	6	2017-10-31 14:31:42	2017-10-31 14:31:42
1074	1031	6	2017-10-31 14:35:17	2017-10-31 14:35:17
1075	1032	6	2017-11-11 15:11:48	2017-11-11 15:11:48
1076	1033	1	2017-11-14 11:49:46	2017-11-14 11:49:46
1077	1034	25	2017-11-14 17:26:31	2017-11-14 17:26:31
1078	1035	6	2017-11-17 16:43:40	2017-11-17 16:43:40
1079	1036	5	2017-11-23 15:25:59	2017-11-23 15:25:59
1080	1037	7	2017-11-24 06:29:39	2017-11-24 06:29:39
1081	1038	7	2017-11-24 21:37:16	2017-11-24 21:37:16
1082	1038	6	2017-11-24 21:37:16	2017-11-24 21:37:16
1083	1039	7	2017-11-25 09:53:48	2017-11-25 09:53:48
1084	1040	5	2017-11-26 09:44:58	2017-11-26 09:44:58
1085	1041	7	2017-11-27 11:54:57	2017-11-27 11:54:57
1086	1042	6	2017-11-30 18:03:18	2017-11-30 18:03:18
