1	71e49715c0dca67cdadea5e94882cf9f				Ghana			Sarkodie	@sarkodie	0	2017-06-02 06:35:45	2017-06-02 06:35:45
2	51d1bb8e2a0996111fb1c59e5c446e38				Ghana			Shatta Wale	@shattawalegh	0	2017-06-02 06:36:47	2017-06-02 06:36:47
3	09b7067b06b9a8d7ebdea2eee690c7b4				Ghana			Medikal	@AmgMedikal	0	2017-06-02 06:38:17	2017-06-02 06:38:17
4	ea503ec797763a59c8eecda7ec533439				Ghana			Nacee		0	2017-06-02 06:38:51	2017-06-02 06:38:51
5	627ff93ffbfec12d850d91735ff0f6c7				Ghana			Obuor		0	2017-06-02 06:39:22	2017-06-02 06:39:22
6	fb8ac91bd3037a8b539f8e81aeaec137				Ghana			Kofi Kinaata	@KinaataGh	0	2017-06-02 06:39:56	2017-06-02 06:39:56
7	02f0c873f9944c490ad8d607ce49ee30				Ghana			Tinny		0	2017-06-02 06:40:17	2017-06-02 06:40:17
8	866952d69e8b8d27fcab92706bde6794				Ghana			Luther		0	2017-06-02 06:40:36	2017-06-02 06:40:36
9	e245955f5dcf532923ea6790b779e0ac				Ghana			Guru	@gurunkz	0	2017-06-02 06:40:59	2017-06-02 06:40:59
10	99f89b6c50127f97a80397a1dba3b274				Ghana			Bisa Kdei	@bisa_kdei	0	2017-06-02 06:42:09	2017-06-02 06:42:09
11	75a09f86f5ff835007fd5133c2cd2198				Ghana			Efya	@EFYA_Nokturnal	0	2017-06-02 06:42:31	2017-06-02 06:42:31
12	91880ccabad0157f4ae6115e0741a2cb				Ghana			Irene		0	2017-06-02 06:42:47	2017-06-02 06:42:47
13	75b1f0d1ccd14a3b553868ce29440a53				Ghana			Mzvee	@mzveegh	0	2017-06-02 06:43:23	2017-06-02 06:43:23
14	c0ba6cdf3b32cc51ad6e1d36887e778c				Ghana			E. L.	@elrepgh	0	2017-06-02 06:44:28	2017-06-02 06:44:28
15	f387b9defeeb93778e396edd26ae7d8a				Ghana			Mr Eazi	@mreazi	0	2017-06-02 06:44:45	2017-06-02 06:44:45
16	b9b59d8c75bdc986f74056aa9fda6227				Ghana			Manifest	@manifestive	0	2017-06-02 06:45:25	2017-06-02 06:45:25
17	5654b62373e8b8c069274f38654191a2				Ghana			Worlasi	@worlasigh	0	2017-06-02 06:46:12	2017-06-02 06:46:12
18	9c56e71d19cc907fce4b71da9ab154ab				Ghana			Kwaw Kese		0	2017-06-02 06:47:12	2017-06-02 06:47:12
19	456f83ebe4a15215b1e5317c8d6def05				Ghana			Tee Phlow		0	2017-06-02 06:48:12	2017-06-02 06:48:12
20	26ef4e61780f3e5d81f09714528853df				Ghana			Becca	@beccafrica	0	2017-06-02 06:48:39	2017-06-02 06:48:39
21	8287c05282f938d0f8e145dba9dd6cf4				Ghana			Joey B	@1RealJoeyB	0	2017-06-02 11:02:44	2017-06-02 11:02:44
22	96df1b2a46c5245df68dab88e941c262				Ghana			Pappy Kojo	@PAPPYKOJO	0	2017-06-02 11:03:04	2017-06-02 11:03:04
23	e791efa096a2d165c01c128bea7d614e				Ghana			Daddy Lumba		0	2017-06-02 11:06:56	2017-06-02 11:06:56
24	759c15b97ca06c3228d2ec933b1a0768				Ghana			Tutulapatu		0	2017-06-03 06:55:06	2017-06-03 06:55:06
25	e260d9f8cab1c51674ad864cddf22a55				Ghana			Obrafuor		0	2017-06-03 06:55:28	2017-06-03 06:55:28
26	91e264e7fbd39207b8a1f124e7600593				Ghana			Wisa Greid		0	2017-06-03 06:55:44	2017-06-03 06:55:44
27	1516faadf1ffed2715bbd94f8ea5af04				Ghana			Flow King Stone	@FlowkingStone	0	2017-06-03 06:55:57	2017-06-03 06:55:57
28	3489698e9f4618f7b239150d93120ec5				Ghana			Kunta Kinte		0	2017-06-03 06:56:09	2017-06-03 06:56:09
29	4b4603580115b7e62daf848328d5d31e				Ghana			Stonebwoy	@stonebwoyb	0	2017-06-03 07:10:53	2017-06-03 07:10:53
30	139477709f851cc4ff09eb73cbf57226				Ghana			Ebony	@ebony_reigns	0	2017-06-03 07:11:02	2017-06-03 07:11:02
31	7c87bb8f285269f524cc2981c31a3a8a				Ghana			Adina	@Adina_Thembi	0	2017-06-03 07:11:13	2017-06-03 07:11:13
32	80ec3bc3141c34c2e127386b74a0c98d				Ghana			Fuse	@FuseODG	0	2017-06-03 07:11:23	2017-06-03 07:11:23
33	59784fd949e1aec0ad12bac6be670a58				Ghana			R2bees	@r2bees	0	2017-06-03 07:11:49	2017-06-03 07:11:49
34	127a4b005cfa094d3679752107009803				Ghana			Trigmatic		0	2017-06-03 07:11:57	2017-06-03 07:11:57
35	58a60d9d37e411ab10ed7f715687514e				Ghana			Pope Skinny		0	2017-06-03 07:21:48	2017-06-03 07:21:48
36	b8a3c43da8c1286c15fa4a6956ab907e				Ghana			Captan		0	2017-06-03 07:22:03	2017-06-03 07:22:03
37	f5c63b4c6adcd1e60458a355c2579466				Ghana			Wutah		0	2017-06-03 07:22:09	2017-06-03 07:22:09
38	e152792afe094a8198acb53ed3940192				Ghana			Joint 77		0	2017-06-03 07:22:18	2017-06-03 07:22:18
39	26a6d4323ec3693be2021ed67acb5848				Ghana			Adiself		0	2017-06-03 07:22:24	2017-06-03 07:22:24
40	f81ae4784b99c6dde2c70aacf207e5dd				Ghana			Jupita		0	2017-06-03 07:22:28	2017-06-03 07:22:28
41	f6439035a938ef71e2731d71408fc5f5				Ghana			Appietus		0	2017-06-03 07:22:36	2017-06-03 07:22:36
42	f766ab8226af6d707fbb7b35a1d4927a				Ghana			Magnom	@MagnomBeats	0	2017-06-03 07:22:52	2017-06-03 07:22:52
43	f2e301994a649ed5d2cafeccc9341985				Ghana			Gatdoe		0	2017-06-03 07:22:58	2017-06-03 07:22:58
44	522908140a3c089a86f60cb39ddac9b3				Ghana			A. I.		0	2017-06-03 07:23:12	2017-06-03 07:23:12
45	cb8f04f6a7e03f2c02248999400b0010				Ghana			Reggie Rockstone		0	2017-06-03 07:23:25	2017-06-03 07:23:25
46	ee2d3a96a56bf938362d460e353977db				Ghana			4x4	@Real4X4	0	2017-06-03 07:23:37	2017-06-03 07:23:37
47	551102ca425c1ddb1944e3be9c0dca85				Ghana			Yaa Pono		0	2017-06-03 07:24:33	2017-06-03 07:24:33
48	399523c8ef05af63b020b079d7b1da07				Ghana			Iwan		0	2017-06-03 07:24:44	2017-06-03 07:24:44
49	68bb5fec16dc3e053f05ff1e4ac166c4				Ghana			Samini	@samini_dagaati	0	2017-06-03 07:24:49	2017-06-03 07:24:49
50	77c66b14c7f450bf93b1331f5d518a7b				Ghana			Kaakie	@KaakieGH	0	2017-06-03 07:24:53	2017-06-03 07:24:53
51	aaaa8d656eb6e4cedcab862808f40be7				Ghana			Okomfuor Kwaadee		0	2017-06-03 07:25:15	2017-06-03 07:25:15
52	3e418f94de46db248d0ca644679ad750				Ghana			Ayigbe Edem	@iamedem	0	2017-06-03 07:33:02	2017-06-03 07:33:02
53	fa2ff1ff0eade6d388f424fd9f294b0c				Ghana			Amakye Dede		0	2017-06-03 07:33:24	2017-06-03 07:33:24
54	116504a7f89b36e2176445876efdfe1d				Ghana			Kojo Antwi	@MrMusic_Man	0	2017-06-03 07:34:26	2017-06-03 07:34:26
55	d6b4aeba3eb221d6e8995570c4b36964				Ghana			Castro		0	2017-06-03 07:48:55	2017-06-03 07:48:55
56	5b2069b8547f37676de3d7fed4b77d48				Ghana			A. B. Crentsil		0	2017-06-03 07:53:20	2017-06-03 07:53:20
57	d54d9cfec9f88e4fbce2efbbef807275				Ghana			Sway		0	2017-06-03 07:56:37	2017-06-03 07:56:37
58	660bc83c9a6c55c9f70c771fb30898e9				Ghana			C-real		0	2017-06-03 07:57:01	2017-06-03 07:57:01
59	6385c685a0e6af6ae8f450b0eb0ff022				Ghana			Mzbel		0	2017-06-03 07:57:19	2017-06-03 07:57:19
60	0ebc6b3f5e08e572492f1e350de54c9e				Ghana			Rocky Dawuni		0	2017-06-03 07:57:39	2017-06-03 07:57:39
61	c32f2ced25eb213aed8af78ab38c03e0				Ghana			Atumpan	@OfficialAtumpan	0	2017-06-03 07:57:53	2017-06-03 07:57:53
62	e8404775042ad3a6ef7674f94369d213				Ghana			Kesse		0	2017-06-03 07:58:06	2017-06-03 07:58:06
63	c10fc8535b3cba41946c96ea9060a065				Ghana			Wiyaala		0	2017-06-03 07:59:05	2017-06-03 07:59:05
64	945824e5f2f7fd048f74fa0958cd03a0				Ghana			Wanlov The Kubolor		0	2017-06-03 08:00:32	2017-06-03 08:00:32
65	3dc44df1b5a180bc7ec6277e91ada2b9				Ghana			Preachers		0	2017-06-03 08:02:51	2017-06-03 08:02:51
66	5ca351f663d6423525b28f8ba34e3384				Ghana			Akosua Agyapong		0	2017-06-03 08:03:22	2017-06-03 08:03:22
67	63872e775cd80d0723b42465824ee065				Ghana			Sheriff Ghale		0	2017-06-03 08:04:36	2017-06-03 08:04:36
68	a72edcaecaed0bf28e68e114161e8071				Ghana			Akwaboah Jnr		0	2017-06-03 08:05:25	2017-06-03 08:05:25
69	5c7018b505a71740699dbcc1cd7838f3				Ghana			Abrewa Nana		0	2017-06-03 08:05:49	2017-06-03 08:05:49
70	ad2f32aa12305840ed4b104ca8ea7229				Ghana			Gasmilla	@gasmillawins	0	2017-06-03 08:06:50	2017-06-03 08:06:50
71	f1d2f2ba46b3a589e63cb1553edbabc8				Ghana			Daasebre Gyamenah		0	2017-06-03 08:07:15	2017-06-03 08:07:15
72	4df6367c66af3f3c66210b976fcce000				Ghana			Scata Bada		0	2017-06-03 08:23:29	2017-06-03 08:23:29
73	36ca1378a8678fc366609ba15b433b10				Ghana			Jay Ghartey		0	2017-06-03 08:25:30	2017-06-03 08:25:30
74	934c8a1642d50d713d632476403be251				Ghana			Joe Mettle		0	2017-06-03 08:26:43	2017-06-03 08:26:43
75	0220c8451e51ae874f1455bbaeae2843				Ghana			Joe Beecham		0	2017-06-03 08:27:47	2017-06-03 08:27:47
76	8121e5369be175044d6dd935cd0b209b				Ghana			Ohemaa Mercy		0	2017-06-03 08:28:07	2017-06-03 08:28:07
77	2bf827ec6e559bdf52954dfd20af0550				Ghana			Stella Aba Seal		0	2017-06-03 08:28:35	2017-06-03 08:28:35
78	e008de1ff6b5b706092014a73ddb2dc2				Ghana			Nayaah		0	2017-06-03 08:29:06	2017-06-03 08:29:06
79	ecd409ab993f6e52fba67e8ea70b7408				Ghana			Danny Nettey		0	2017-06-03 08:31:35	2017-06-03 08:31:35
80	9ff3106b1b750d73c02c54b838094433				Ghana			Nii Okai		0	2017-06-03 08:34:07	2017-06-03 08:34:07
81	6018e04f45b717cec715de1ad28d01b7				Ghana			Heavens Connection		0	2017-06-03 08:35:01	2017-06-03 08:35:01
82	dc171fa31922041772ea18e5bbfb4d63				Ghana			Helen Yawson		0	2017-06-03 08:35:47	2017-06-03 08:35:47
83	c3cdef8f2ca88593ec411ef5110e26a8				Ghana			Bernice Ofei		0	2017-06-03 08:36:08	2017-06-03 08:36:08
84	627a633e754ac370c4f517805606114b				Ghana			Ben Brako		0	2017-06-03 08:37:33	2017-06-03 08:37:33
85	bd394bd608150a87d8d181f25c9aabec				Ghana			King Bruce		0	2017-06-03 08:41:33	2017-06-03 08:41:33
86	d848fc3bce6b5ddd7f7613d64af7a55f				Ghana			E. T. Mensah		0	2017-06-03 08:51:10	2017-06-03 08:51:10
87	026fe89ee4509e46607013a703492b65				Ghana			Koo Nimo		0	2017-06-03 08:52:10	2017-06-03 08:52:10
88	3ceb402a9b175ccd5f860c779d43ea7f				Ghana			Ebo Taylor		0	2017-06-03 08:52:53	2017-06-03 08:52:53
89	98110be057e62f3b8f7a44f8679a6802				Ghana			Asumadu		0	2017-06-03 09:12:32	2017-06-03 09:12:32
90	5736d87a67b19004cb6a69e02d28209a				Ghana			King Promise	@IamKingPromise	0	2017-06-03 09:24:19	2017-06-03 09:24:19
91	f8bc16ea49d82100e9b189b0fd1b1ab5				Ghana			Itz Tiffany		0	2017-06-03 09:24:33	2017-06-03 09:24:33
92	726fffa366b50eb160c454814b14acfc				Ghana			Ruff N Smooth		0	2017-06-03 09:24:54	2017-06-03 09:24:54
93	0b115e2688d51bfc8aad33318d41a48b				Ghana			Scizo		0	2017-06-03 09:25:24	2017-06-03 09:25:24
94	bcbc17979b416de138e66ebba400f919				Ghana			Nii Funny		0	2017-06-03 09:25:33	2017-06-03 09:25:33
95	0d5138bf8cdac628ef1f762dd6ee1bb8				Ghana			Donzy Chaka	@DONZY_CHAKA	0	2017-06-03 09:27:59	2017-06-03 09:27:59
96	d6f70dda36ad3a99fa7093b4a464a021				Ghana			Strongman	@StrongmanBurner	0	2017-06-03 09:28:07	2017-06-03 09:28:07
97	b3066aaabf1bf6978f92a50088c4ec52				Ghana			Cecilia Marfo		0	2017-06-03 09:39:37	2017-06-03 09:39:37
98	70dd8bc0509923470b2c1e4589265f3c				Ghana			Dorcas Appiah		0	2017-06-03 09:40:58	2017-06-03 09:40:58
99	1a2f1c77d2b0b758dd30d60b63106a16				Ghana			Slimbo		0	2017-06-03 09:41:09	2017-06-03 09:41:09
100	0274eeac6c315666d7a8efbf88aaf508				Ghana			Richie		0	2017-06-03 09:41:32	2017-06-03 09:41:32
101	fdaf208d9f5ee41609b659b430439529				Ghana			Dr Cryme	@drcryme	0	2017-06-03 09:41:49	2017-06-03 09:41:49
102	c5e941c7819877fb2e24c7fce1387ef7				Ghana			Ball J		0	2017-06-03 09:41:59	2017-06-03 09:41:59
103	c7c4ff217c15a5837845df6b4d291411				Ghana			5five		0	2017-06-03 09:42:32	2017-06-03 09:42:32
104	325941b00e4b727d0310d55aa76d4a2b				Ghana			Dobble		0	2017-06-03 09:42:39	2017-06-03 09:42:39
105	3b2666b8b9861248b29359afdff00008				Ghana			Gallaxy	@GallaxyGH	0	2017-06-03 09:43:13	2017-06-03 09:43:13
106	378b2aa7b364b7476bbc84cda400aa70				Ghana			Awal		0	2017-06-03 09:45:03	2017-06-03 09:45:03
107	f747e8aecf141c859c22762d31af321b				Ghana			Vybrant Faya		0	2017-06-03 09:47:17	2017-06-03 09:47:17
108	4a486cb451459bf4018487c8467ce9fa				Ghana			Francis Adjei		0	2017-06-03 09:48:07	2017-06-03 09:48:07
109	672ad13cae44c65a72533d9af2b86687				Ghana			Ghetto K. B.		0	2017-06-03 09:49:32	2017-06-03 09:49:32
110	108ff292de0090a84755bd62dc6665f6				Ghana			Kuami Eugene	@KuamiEugene	0	2017-06-03 09:49:50	2017-06-03 09:49:50
111	a44ce8dd0ce3583d8baff6f5d132d1a3				Ghana			Ayat		0	2017-06-03 09:52:17	2017-06-03 09:52:17
112	844318878d5547724500e7d32ef5b45b				Ghana			Lord Paper		0	2017-06-03 09:52:33	2017-06-03 09:52:33
113	7579315639f4f972a93b3aeb33d088cc				Ghana			Haywaya		0	2017-06-03 09:53:14	2017-06-03 09:53:14
114	5fde898229548d00dbae018d5dc4cec1				Ghana			Runtown	@iRuntown	0	2017-06-03 09:53:56	2017-06-03 09:53:56
115	7a11221431d7a28b34437b1d9202b3f5				Ghana			Olamide	@olamide_YBNL	0	2017-06-03 09:54:06	2017-06-03 09:54:06
116	f2b8e84e88b0f470999c72d78bf8722e				Ghana			Davido	@iam_Davido	0	2017-06-03 09:54:18	2017-06-03 09:54:18
117	63fe41726249427613e6f5b2119b8487				Ghana			Lil Kesh		0	2017-06-03 09:54:32	2017-06-03 09:54:32
118	98d7862e16186c21ac788a3eb6e5f8ae				Ghana			Banky W		0	2017-06-03 09:54:41	2017-06-03 09:54:41
119	3164584090275593c4c25524515dee75				Ghana			Wizkid	@wizkidayo	0	2017-06-03 09:55:22	2017-06-03 09:55:22
120	4601d36a109db31cbed1c643a3fef745				Ghana			Ice Prince	@Iceprincezamani	0	2017-06-03 09:55:57	2017-06-03 09:55:57
121	97d70dd7fe4ad8b879539bd0d14c2d4e				Ghana			Asem		0	2017-06-03 09:56:49	2017-06-03 09:56:49
122	b79852955841b2a71a64cfa3387e0f6b				Ghana			Tekno	@alhajitekno	0	2017-06-03 09:57:15	2017-06-03 09:57:15
123	4e3beac6ff529e9274c0274654808def				Ghana			Reggie Zippy		0	2017-06-03 09:58:55	2017-06-03 09:58:55
124	b8a5c2fde3074fcc7f85dd0f4ef41ad8				Ghana			Bollie		0	2017-06-03 09:59:49	2017-06-03 09:59:49
125	d6d71d90c23ef92fdaafeca6770cc9ee				Ghana			Quata		0	2017-06-03 10:00:04	2017-06-03 10:00:04
126	5f455acb95aaae998d65eeb74302acff				Ghana			Rison		0	2017-06-03 10:01:01	2017-06-03 10:01:01
127	d528c5c89ffcc32d40afc54f0b597f1c				Ghana			Kojo Nkansah		0	2017-06-03 10:01:22	2017-06-03 10:01:22
128	3db928abaaf16eb1002f55c0700d8196				Ghana			Sena Dagadu	@senadagadu	0	2017-06-03 10:02:30	2017-06-03 10:02:30
129	c7822d9ca4a19bb76de89845ada63fc1				Ghana			Kojo Cue		0	2017-06-03 10:02:40	2017-06-03 10:02:40
130	27830d38922c6ad613b38b8e1c7b5278				Ghana			Baby Jet		0	2017-06-03 10:04:18	2017-06-03 10:04:18
131	37f219cf61f6f8cd4b13a2385d4871fc				Ghana			Buk Bak		0	2017-06-03 10:06:32	2017-06-03 10:06:32
132	151068dfa31f4b3dc1ae75bcaa0ffd32				Ghana			Ara B		0	2017-06-03 10:07:09	2017-06-03 10:07:09
133	c0bd595b88a8407fe69c009ffa1e93c9				Ghana			D-black		0	2017-06-03 10:07:38	2017-06-03 10:07:38
134	20e82a9f939a50b0d6802ee1183489b9				Ghana			Sherifa Gunu		0	2017-06-03 10:09:04	2017-06-03 10:09:04
135	6b87ef4921e02b4bc0a075a793488c4e				Ghana			Koo Ntakara		0	2017-06-03 10:09:29	2017-06-03 10:09:29
136	61bceff8666386358fd0ccdd65ec755f				Ghana			Yemi Alade		0	2017-06-03 10:09:45	2017-06-03 10:09:45
137	12c734ce38ba654c26e1fa34c00ab9d8				Ghana			Don Jazzy	@DONJAZZY ‏	0	2017-06-03 10:10:34	2017-06-03 10:10:34
138	9c38df5b6b6e53c01b917741c27c0535				Ghana			D'ja		0	2017-06-03 10:10:52	2017-06-03 10:10:52
139	6cf337c78a7f4badd0818194287665d2				Ghana			Obour		0	2017-06-03 10:11:42	2017-06-03 10:11:42
140	560b54089cc24c2e059d89634f1facc5				Ghana			Okyeame Kwame	@Okyeamekwame	0	2017-06-03 10:12:21	2017-06-03 10:12:21
141	8cfd831c456a6f22067adbf6311c05ee				Ghana			Morris Devoice		0	2017-06-03 10:12:35	2017-06-03 10:12:35
142	70b27b4410bea0e89dacef519dce78f8				Ghana			Nuru		0	2017-06-03 10:13:31	2017-06-03 10:13:31
143	3b0deb33d9672ffd0f33c4e74b762218				Ghana			Rita Marley		0	2017-06-03 10:15:38	2017-06-03 10:15:38
144	8358698075fe708a762eee63352b922a				Ghana			Rascalimu		0	2017-06-03 10:16:17	2017-06-03 10:16:17
145	e02b30025818b3fa671f318604e3ff04				Ghana			Bobo Shanti		0	2017-06-03 10:17:00	2017-06-03 10:17:00
146	93d0cf612dd13c5918c1d7c9d0e6e99a				Ghana			Mugees	@mugeezxmugeez	0	2017-06-03 10:23:32	2017-06-03 10:23:32
147	a5bd5ec3128bb1a2d1548282cb2db5b5				Ghana			Omar Sterling		0	2017-06-03 10:24:01	2017-06-03 10:24:01
148	fe33d4da2a9926a86adcc76aad8c5ea8				Ghana			Article Wan	@articlewani	0	2017-06-03 10:29:15	2017-06-03 10:29:15
149	27aac05fbfc97dce8b505c77f5ba9d40				Ghana			Falz		0	2017-06-03 10:29:36	2017-06-03 10:29:36
150	8a1beb1273c4287d27d9d221afc443c6				Ghana			M. I		0	2017-06-03 10:29:54	2017-06-03 10:29:54
151	1bd4083994a3330b9c8b489e36e73d1a				Ghana			Reekado Banks		0	2017-06-03 10:30:41	2017-06-03 10:30:41
152	0da5a634b4107a46118a0e131fb1b6c3				Ghana			Shiloh		0	2017-06-03 10:31:51	2017-06-03 10:31:51
153	f3b8a3899b215a24677af0812201b113				Ghana			Screwface		0	2017-06-03 10:32:05	2017-06-03 10:32:05
154	085c4906c9c7d76c8a65c19c812f31f3				Ghana			Korede Bello		0	2017-06-03 10:32:07	2017-06-03 10:32:07
155	7fc5644bfc63446f557e564a7f603231				Ghana			Dr Sid		0	2017-06-03 10:32:40	2017-06-03 10:32:40
156	8356e060bc07cccfacf4e0db8847d90f				Ghana			Wande Coal		0	2017-06-03 10:33:12	2017-06-03 10:33:12
157	6002ddcc640caf97e5fb2d48c3ef4fb0				Ghana			Tiwa Savage	@TiwaSavage	0	2017-06-03 10:33:39	2017-06-03 10:33:39
158	fb7db41f6cb8e80bdc439a36588202d2				Ghana			D'banj		0	2017-06-03 10:34:22	2017-06-03 10:34:22
159	ed3e6b41c5795b74cefb75f40cae72fd				Ghana			D'prince		0	2017-06-03 10:35:09	2017-06-03 10:35:09
160	dc2a98a8018014131be3ba73f7130936				Ghana			Flavour N'abania		0	2017-06-03 10:35:46	2017-06-03 10:35:46
161	aa2f9559ebda7b2773033d32c679051e				Ghana			Phyno		0	2017-06-03 10:36:23	2017-06-03 10:36:23
162	3a836f060ca7380f0044fb8ea49e7a38				Ghana			Chidinma		0	2017-06-03 10:37:07	2017-06-03 10:37:07
163	72533c8592e76de6e9550dfabdfedf31				Ghana			Bracket		0	2017-06-03 10:38:23	2017-06-03 10:38:23
164	edef0aa64c223cffbf11de2a83c51407				Ghana			Kcee	@iam_kcee	0	2017-06-03 10:41:07	2017-06-03 10:41:07
165	8ce9c7e1359bff1fc18d4eb8de14dc0b				Ghana			P-square		0	2017-06-03 10:42:18	2017-06-03 10:42:18
166	840a84b5713549a75dbec8be1f658ff9				Ghana			J. Martins		0	2017-06-03 10:43:12	2017-06-03 10:43:12
167	33f8b95d1d0ca04a6faa208706b39536				Ghana			2 Face Idibia		0	2017-06-03 10:43:49	2017-06-03 10:43:49
168	e0ba35d42ed3764615c9c4d5aea65eca				Ghana			Naeto C		0	2017-06-03 10:44:22	2017-06-03 10:44:22
169	32f783a34b2693067426436772ef1a29				Ghana			Savvy		0	2017-06-03 10:47:18	2017-06-03 10:47:18
170	b802357848cec9aea90777de6da15847				Ghana			Dj Mensah		0	2017-06-03 10:49:47	2017-06-03 10:49:47
171	569bf11152646a969c3d662edd0ace65				Ghana			Ian Jazzi		0	2017-06-03 10:50:48	2017-06-03 10:50:48
172	3dbf892478eb799b834c811759ece11b				Ghana			Jayso		0	2017-06-03 10:51:54	2017-06-03 10:51:54
173	9162092193a89b3548d7a50543a9b802				Ghana			Kuli Chana		0	2017-06-03 10:55:44	2017-06-03 10:55:44
174	ace150c95877f4eb53bbc0309aacbb4d				Ghana			Aka		0	2017-06-03 10:56:11	2017-06-03 10:56:11
175	df87bcf3a9c658261a410077ff9a3913				Ghana			Criss Waddle		0	2017-06-03 10:59:17	2017-06-03 10:59:17
176	fa210f81be429856efb82675c8e537c0				Ghana			Tinchy Stryder		0	2017-06-03 10:59:46	2017-06-03 10:59:46
177	895a12b04bcef61b540d0bb9938d5e59				Ghana			Irene Logan		0	2017-06-03 11:03:45	2017-06-03 11:03:45
178	208f2312abd5d82a1aac9f4f2a186ad6				Ghana			Jesse Jagz		0	2017-06-03 14:18:52	2017-06-03 14:18:52
179	c2bfee0a7d99c30af0d0b226cec11100				Ghana			Patoranking	@patorankingfire	0	2017-06-03 14:41:34	2017-06-03 14:41:34
180	080000e77323807b58b021ba8c2adbfd				Ghana			Skales		0	2017-06-03 14:42:01	2017-06-03 14:42:01
181	2284a058ee00f8b95089efc421cc87dc				Ghana			Terry G		0	2017-06-03 14:43:36	2017-06-03 14:43:36
182	9fab1e7f1392aac38375ae66d356adea				Ghana			Tony Tetuila		0	2017-06-03 14:43:42	2017-06-03 14:43:42
183	ae7fabd724a44a6e99942e30b5228713				Ghana			Timaya		0	2017-06-03 14:44:29	2017-06-03 14:44:29
184	1c607eb3480d6c7995abe67b8564eaa9				Ghana			Yung6ix		0	2017-06-03 14:45:19	2017-06-03 14:45:19
185	802ac742e90ff0f07cb33c38c764c65f				Ghana			Cynthia Morgan		0	2017-06-03 14:45:44	2017-06-03 14:45:44
186	633e156da1e47455292b8578c0bd2323				Ghana			Hannah Marfo		0	2017-06-03 15:23:14	2017-06-03 15:23:14
187	6c7d71fec7ca1377fc42913183427ff8				Ghana			E Fine		0	2017-06-03 15:23:28	2017-06-03 15:23:28
188	ef214700d9b8e8ec77fb4e9bf73809fd				Ghana			Lord Kenya		0	2017-06-03 15:24:04	2017-06-03 15:24:04
189	eb8bceabc4d797b3ce3824daa5bbc236				Ghana			Joe Fraizer		0	2017-06-03 15:24:15	2017-06-03 15:24:15
190	04eab9d15b389c5052245227933e9232				Ghana			Rex Omar		0	2017-06-03 15:24:26	2017-06-03 15:24:26
191	da3bbe378e6aa860d4e3a9b41d4c8efc				Ghana			Nana Ampadu		0	2017-06-03 15:24:32	2017-06-03 15:24:32
192	8729d1898e7979f950fac20ab358796c				Ghana			J Hus		0	2017-06-03 17:56:11	2017-06-03 17:56:11
193	87d0ba5ef117b7609f3718914a8f1a04				Ghana			Kojo Funds	@KojoFunds	0	2017-06-03 17:56:28	2017-06-03 17:56:28
194	2529f0c46e2d1b9eb213005a3353fbe4				Ghana			Nana Acheampong		0	2017-06-03 17:57:28	2017-06-03 17:57:28
195	7f6261a3fe2c84ff28d42c08bd36a2c8				Ghana			Stay Jay		0	2017-06-03 17:58:02	2017-06-03 17:58:02
196	5907ef5b2e371b6a451ff324255730af				Ghana			Tic Tac	@tictacgh	0	2017-06-03 17:59:05	2017-06-03 17:59:05
197	4507a86c88a84d4b573fe38133b1d257				Ghana			Akatakyie		0	2017-06-03 18:01:06	2017-06-03 18:01:06
198	6103a1ef0c2472cba1b65735e13686f2				Ghana			Bradez		0	2017-06-03 18:02:03	2017-06-03 18:02:03
199	2c0e739c1100d7054d7f44ca9269c111				Ghana			Ziggy		0	2017-06-03 18:02:17	2017-06-03 18:02:17
200	ec41547f109c02e42364ce5b7e29d0d6				Ghana			O. J. Black		0	2017-06-03 18:02:33	2017-06-03 18:02:33
201	36fb86220029960c9eab718c645e0269				Ghana			Tee Blaze		0	2017-06-03 18:05:41	2017-06-03 18:05:41
202	7085b471066d08a165c33613e28b7984				Ghana			Nkasei		0	2017-06-03 18:06:10	2017-06-03 18:06:10
203	43448185fcbf4491ced75db81bb324e4				Ghana			Dunsin		0	2017-06-03 18:06:33	2017-06-03 18:06:33
204	7a186bd5136ce9dd99d883c6bf4a71d4				Ghana			Laylow		0	2017-06-03 22:27:15	2017-06-03 22:27:15
205	8acb8de0230bfbaada3accf21fb63a52				Ghana			Amerado		0	2017-06-03 22:27:28	2017-06-03 22:27:28
206	27d76923ea9bd7a5f70fd907cbccb929				Ghana			Obibini		0	2017-06-03 22:27:37	2017-06-03 22:27:37
207	283cc5ddec6e4110afb96e226724f807				Ghana			Joel		0	2017-06-03 22:27:45	2017-06-03 22:27:45
208	674c30dbdb50535f55aa106fda19c4f3				Ghana			Kula		0	2017-06-03 22:28:51	2017-06-03 22:28:51
209	61a5b281782219af2904c9d928e07ac7				Ghana			Kev		0	2017-06-03 22:28:58	2017-06-03 22:28:58
210	d32d35395e35a163b0baafcac3a96c4a				Ghana			Burna Boy		0	2017-06-05 03:42:33	2017-06-05 03:42:33
211	a695c23ad000c4804ff0ffb7c6fb6cb6				Ghana			Unkle Beatz		0	2017-06-05 03:45:31	2017-06-05 03:45:31
212	ea10744ef93e4462b34507215149ae9c				Ghana			Sister Derby		0	2017-06-05 03:46:20	2017-06-05 03:46:20
213	19cf10540cbfa6c06b4b191eeedeacbb				Ghana			Stanley Enow		0	2017-06-05 05:45:14	2017-06-05 05:45:14
214	1c2cb7d30f3a69e7cc57c97f8700c99c				Ghana			Lil Win		0	2017-06-05 05:57:46	2017-06-05 05:57:46
215	ea4a2af431906f9e2398a71d3bc25ecb				Ghana			Odehyieba		0	2017-06-05 05:58:22	2017-06-05 05:58:22
216	1ad7ce18e7cda8b6c949439858191d56				Ghana			Sista Afia	@sista_afia	0	2017-06-05 06:17:33	2017-06-05 06:17:33
217	5a6e74de062e1345ca264c9eacb3b10b				Ghana			Militants		0	2017-06-05 06:30:26	2017-06-05 06:30:26
218	33e0d477646bba631699257dd83875c5				Ghana			Natty Lee		0	2017-06-05 06:30:45	2017-06-05 06:30:45
219	9ba3ef54bd3fc245d2535534bd78e54a				Ghana			Big Ben		0	2017-06-05 06:48:58	2017-06-05 06:48:58
220	37c76f352f64e11c9240e33f6241bccc				Ghana			Eazzy	@Eazzyfirstlady	0	2017-06-05 06:58:14	2017-06-05 06:58:14
221	a0787f57b562d22c99f261ae2e218e28				Ghana			Shatta Michy		0	2017-06-05 06:58:32	2017-06-05 06:58:32
222	2ffb106d3cdf3133329f9c06cf2f6306				Ghana			Raquel		0	2017-06-05 06:58:46	2017-06-05 06:58:46
223	e44fb6063fe55b49e440a6e1552309d0				Ghana			Duke D2		0	2017-06-05 07:11:31	2017-06-05 07:11:31
224	7f6719fd331f1abe6c94b4cb16bd8e43				Ghana			Tena Tenpo		0	2017-06-05 07:28:17	2017-06-05 07:28:17
225	b5a4a55cf9a879eb405881c45a730a85				Ghana			Dammy Krane		0	2017-06-05 08:09:17	2017-06-05 08:09:17
226	cd577393bb573c2e4bb958af8fa8d99b				Ghana			Vision Dj	@VisionDj	0	2017-06-05 08:30:00	2017-06-05 08:30:00
227	49925192bdee3effc65928ddc12cb7ae				Ghana			Kaywa		0	2017-06-05 09:12:00	2017-06-05 09:12:00
228	8a2c18f6a69444a4742ed1aa35e506cc				Ghana			Dj Mic Smith		0	2017-06-05 09:20:22	2017-06-05 09:20:22
229	ae8851b8b6a4b16d834e4d0f7c11774a				Ghana			Dj Lord		0	2017-06-05 09:20:30	2017-06-05 09:20:30
230	8d044832075cbc0a6ade3337808dcb44				Ghana			Cabum		0	2017-06-05 09:20:36	2017-06-05 09:20:36
231	de45f8af3f6b09c90307ca1c5fd2855c				Ghana			Feli Nuna	@FeliNuna	0	2017-06-05 09:20:45	2017-06-05 09:20:45
232	7d2249406ac5f2965c6b67e904932876				Ghana			Nero X		0	2017-06-05 09:20:52	2017-06-05 09:20:52
233	ac8456df582d8ac1ae647efa5d61ec66				Ghana			Choir Master	@choirmastergh	0	2017-06-05 09:26:52	2017-06-05 09:26:52
234	dee63f54f3b9cb0f14d7bde24302d3de				Ghana			Fresh Prince		0	2017-06-05 09:26:57	2017-06-05 09:26:57
235	ed03f78691d6da104bbf5be26c2c1d35				Ghana			Captain Planet	@4x4planet	0	2017-06-05 09:27:03	2017-06-05 09:27:03
236	e07313d8021f63308eb2e5c130d6df4b				Ghana			Ephraim		0	2017-06-05 09:27:16	2017-06-05 09:27:16
237	6f6436d85cdc34c2588ff0fab23712c4				Ghana			Coded		0	2017-06-05 09:27:30	2017-06-05 09:27:30
238	280ea474ce3eb667c235ea34c97410b3				Ghana			Benji		0	2017-06-05 22:05:46	2017-06-05 22:05:46
239	ccb39f6e11f017012104bc2e43fd2cb5				Ghana			Chase Forever		0	2017-06-06 12:55:04	2017-06-06 12:55:04
240	b3598fd724752d6afb99cd2a0f2ab36c				Ghana			Pat Thomas		0	2017-06-06 13:13:00	2017-06-06 13:13:00
241	45bea6b828d7c6cbe746d8a6536dd670				Ghana			Bayku		0	2017-06-06 15:34:09	2017-06-06 15:34:09
242	0c3db9cd7b45a07c0d1f5f6b1ed1bf57				Ghana			Vvip	@VVipGhana	0	2017-06-06 15:37:45	2017-06-06 15:37:45
243	2299f2193e9be57980306bd9720d4269				Ghana			E. N. E. Yatt		0	2017-06-06 18:59:37	2017-06-06 18:59:37
244	3fbf9b721cd63060068d85db40837ebd				Ghana			Fortune Dane		0	2017-06-06 20:37:54	2017-06-06 20:37:54
245	39f251fe56275138cf2c323a05d0b8a7				Ghana			Shaker		0	2017-06-06 20:38:08	2017-06-06 20:38:08
246	c3c1e90aa8c6c5bec2f20bfd7d5bbd06				Ghana			Guen		0	2017-06-06 22:21:01	2017-06-06 22:21:01
247	898c7a64db79d718a7ff602bfd91dfa2				Ghana			Kanaa		0	2017-06-06 22:21:10	2017-06-06 22:21:10
248	95611fdfce6dabb54a409ffa5d5a16af				Ghana			Flash Marley		0	2017-06-06 22:21:30	2017-06-06 22:21:30
249	f49747d4ab4fa178a8c11ad81e9afd80				Ghana			Peewi		0	2017-06-06 22:21:44	2017-06-06 22:21:44
250	b67d8f182f4d34d709ac1d95ce1c243b				Ghana			Nuclke'r		0	2017-06-06 22:22:24	2017-06-06 22:22:24
251	f178dff0e51f3dc6368f99157b9ba04b				Ghana			Orezi		0	2017-06-06 23:47:24	2017-06-06 23:47:24
252	6b1510135e52b5ba992d96d6a6f7f92a				Ghana			Koker		0	2017-06-06 23:58:07	2017-06-06 23:58:07
253	41a2af7bbd90c8832240a3de53fa90b1				Ghana			Dj Spinall		0	2017-06-07 18:33:26	2017-06-07 18:33:26
254	7e16249d557ed68dd88a5c03e4039438				Ghana			Afezi Perry		0	2017-06-07 18:39:24	2017-06-07 18:39:24
255	e7308c6fe95e50d870a486c1343163a8				Ghana			Iyanya		0	2017-06-07 21:09:03	2017-06-07 21:09:03
256	4a78ccc193a4cfe876df9ccfb4a9b893				Ghana			Eno		0	2017-06-07 21:33:12	2017-06-07 21:33:12
257	5b0608d503fc87783b91e494ea757051				Ghana			Akoo Nana		0	2017-06-07 21:57:16	2017-06-07 21:57:16
258	12c223c6cfca93a5de7c7d961dbce07f				Ghana			D_cryme		0	2017-06-07 22:05:09	2017-06-07 22:05:09
259	c319db860260693e9ef007a8441664b0				Ghana			Da Hammer		0	2017-06-07 22:24:19	2017-06-07 22:24:19
260	934cf97002901152d22a12d93c4ace2e				Ghana			Drammy Krane		0	2017-06-07 22:32:18	2017-06-07 22:32:18
261	ede953f7f746b5d6123331711581ad3e				Ghana			Brymo		0	2017-06-07 23:06:11	2017-06-07 23:06:11
262	649d28a985e549efb781198233d8221e				Ghana			Joel Orleans		0	2017-06-07 23:10:08	2017-06-07 23:10:08
263	ea2d7c0811974aa76070e53065f48134				Ghana			Gemini		0	2017-06-07 23:46:51	2017-06-07 23:46:51
264	41dad82fadb86aca64e588f1ac67e966				Ghana			Dex Kwasi		0	2017-06-07 23:46:58	2017-06-07 23:46:58
265	4779172e140a5aa004d5b43048c40bb2				Ghana			Sheyi Shay		0	2017-06-07 23:47:45	2017-06-07 23:47:45
266	4c525922b617255a5b5902873986211a				Ghana			Oheema Dadaw		0	2017-06-07 23:48:02	2017-06-07 23:48:02
267	dc24c425bd3480cd88b86e1d2cd07e47				Ghana			Kwame Zaggy		0	2017-06-07 23:48:14	2017-06-07 23:48:14
268	654f745dc84b3936c7e5629bb207614e				Ghana			Kumi Guitar		0	2017-06-07 23:48:34	2017-06-07 23:48:34
269	430a9870bbbbfa2153556a7f37e1cd39				Ghana			A. J. Lyricx		0	2017-06-07 23:49:35	2017-06-07 23:49:35
270	3be2767f74e1726d92b1252e13d9e668				Ghana			M. I.		0	2017-06-07 23:58:47	2017-06-07 23:58:47
271	f2c563d77a45ebf873dcad4ec2793cc4				Ghana			Khuli Chana		0	2017-06-07 23:58:58	2017-06-07 23:58:58
272	8c225b0f9febf2616e9e58002a7d9328				Ghana			Adomaa	@adomaa_music	0	2017-06-08 07:44:44	2017-06-08 07:44:44
273	15c712d64cfddd77814aa567891c818f				Ghana			Jay So		0	2017-06-08 07:47:27	2017-06-08 07:47:27
274	aefd472a42e3aec4f00022d89659e6d6				Ghana			Julz		0	2017-06-08 07:47:40	2017-06-08 07:47:40
275	72991030e9f892783918320912387b07				Ghana			Eugy		0	2017-06-08 07:47:47	2017-06-08 07:47:47
276	9acb3fa128f61ef4566c19420e434305				Ghana			Maleek Berry		0	2017-06-08 07:47:59	2017-06-08 07:47:59
277	46f6af51d5928a285161d64a2b5b088b				Ghana			Recognise Ali		0	2017-06-08 07:57:56	2017-06-08 07:57:56
278	a509f8af2620fcf05dbe1bae5c85b3b9				Ghana			Illa Shaz		0	2017-06-08 07:58:20	2017-06-08 07:58:20
279	4cb3f201365ecf7b1b41508b9de2a3fc				Ghana			Kidd Black		0	2017-06-08 08:01:56	2017-06-08 08:01:56
280	5ecf9d56bd7058497a4d786ac5b678f9				Ghana			Stargo		0	2017-06-08 08:02:41	2017-06-08 08:02:41
281	04f897b4697e8d03fe0a6463d733a76c				Ghana			Kojo Atinka		0	2017-06-08 08:11:23	2017-06-08 08:11:23
282	1460b34b5fa796e07e60746b45f2b6df				Ghana			Osei		0	2017-06-08 08:14:26	2017-06-08 08:14:26
283	541b0bb72727e7468e26b8fca811d041				Ghana			Medal		0	2017-06-08 08:18:57	2017-06-08 08:18:57
284	3cadb24a4d757cfd2bb9117e2084ee37				Ghana			Lord Morgan		0	2017-06-08 08:28:41	2017-06-08 08:28:41
285	9e62dffed96d1c60d56c585691cf4828				Ghana			Buda		0	2017-06-08 08:49:32	2017-06-08 08:49:32
286	ed2414d8676ffe011f8af16733601850				Ghana			M Clerk		0	2017-06-08 09:03:53	2017-06-08 09:03:53
287	5ba1b16e95e95a44b8a51d6e0e6960c3				Ghana			Kwesta		0	2017-06-08 09:56:10	2017-06-08 09:56:10
288	6259cff9e20727cc76fb3cfe78343a4d				Ghana			Sir		0	2017-06-08 10:03:06	2017-06-08 10:03:06
289	e230cc59c5f56855c4b991d4d13de922				Ghana			Sante		0	2017-06-08 10:03:35	2017-06-08 10:03:35
290	b022974a4297bc9cf360a6743f090c6f				Ghana			Paapa		0	2017-06-08 10:08:53	2017-06-08 10:08:53
291	3010d6e5f7f437cc334aa230f080c747				Ghana			Petrah		0	2017-06-08 10:15:20	2017-06-08 10:15:20
292	40cdc83b05bbae767ddebd6bfa3194b2				Ghana			Akiti Wrowro		0	2017-06-08 11:15:55	2017-06-08 11:15:55
293	cbc225e2b3ed112ef59b1a5d17c3bbb9				Ghana			Edem	@iamedem	0	2017-06-08 11:47:01	2017-06-08 11:47:01
294	1d78b5aeca0d15b91f8e2879d63d8da2				Ghana			Epixode		0	2017-06-08 11:51:29	2017-06-08 11:51:29
295	a5d952704920fd1375df87d896ed3873				Ghana			Fareed	@FaReedGh1	0	2017-06-08 13:37:00	2017-06-08 13:37:00
296	46ec0dac8c8fe0f1ede4c97e127b22d7				Ghana			Mayorkun		0	2017-06-08 14:14:28	2017-06-08 14:14:28
297	8d8a751c8d90410c2e3dca99da953624				Ghana			Ycee		0	2017-06-08 17:46:15	2017-06-08 17:46:15
298	ac449d7b0469ff6126e48da0365aebaa				Ghana			B4bonah	@b4BONAH	0	2017-06-08 18:19:51	2017-06-08 18:19:51
299	b5a51cec9d701d4be4549d8869d4f0a1				Ghana			Ikonz		0	2017-06-08 18:43:24	2017-06-08 18:43:24
300	1ab6e0b7be8f4589009e2ed868bee4e4				Ghana			Masterkraft		0	2017-06-09 10:38:05	2017-06-09 10:38:05
301	f947119a1949eb5dc3a66888673983d3				Ghana			Rtj		0	2017-06-09 14:55:02	2017-06-09 14:55:02
302	2e8b2ab9e8c9c195281ae917d07995b6				Ghana			Dabs		0	2017-06-09 14:55:13	2017-06-09 14:55:13
303	5339374b578e4a7d5e35f1e8ea1660d2				Ghana			Kwesi Arthur	@KwesiArthur_	0	2017-06-09 15:14:22	2017-06-09 15:14:22
304	22ad2fc72087410e1f5fdbcdb47e6d95				Ghana			Okra Tom Dawidi		0	2017-06-09 20:45:19	2017-06-09 20:45:19
305	d55a8b222e49c4c0982644faeccbac17				Ghana			Rudebowy Ranking		0	2017-06-09 21:48:09	2017-06-09 21:48:09
306	0be0fca95806d97b68eba1c6dd4a341d				Ghana			Solo		0	2017-06-10 22:17:53	2017-06-10 22:17:53
307	eb8903743a2f726cc9e8be5c7330dbd7				Ghana			Solo Wonda		0	2017-06-10 22:19:06	2017-06-10 22:19:06
308	3831e92febbc51176509b5b2db2a578a				Ghana			Kranium		0	2017-06-11 15:41:25	2017-06-11 15:41:25
309	e04dee2364d123f8a61093b119a178a5				Ghana			Ty Dolla Sign		0	2017-06-11 15:41:47	2017-06-11 15:41:47
310	e2b1171f76a67fbfe4a4adfaa40efd88				Ghana			Smokeybeatz		0	2017-06-12 09:50:07	2017-06-12 09:50:07
311	458431dda466083561984c2d88e22cfa				Ghana			Drake		0	2017-06-12 11:39:21	2017-06-12 11:39:21
312	3abe7006dfeae8eb870056a904b6fb37				Ghana			Vybz Kartel		0	2017-06-12 13:21:28	2017-06-12 13:21:28
313	a04ff50151c3f3d18d22375cc9290aa9				Ghana			1 Cedi		0	2017-06-12 14:54:47	2017-06-12 14:54:47
314	de2536db09f831fe5105b53e999e2a65				Ghana			Enam		0	2017-06-13 14:11:01	2017-06-13 14:11:01
315	2eaba900903c92c94288df7eafd9b9d0				Ghana			Asante The Alpha		0	2017-06-13 14:11:17	2017-06-13 14:11:17
316	1626ffc4edaf6c1722e7e3154888c5a3				Ghana			Dj Khaled		0	2017-06-14 03:49:38	2017-06-14 03:49:38
317	ed9977923b45003da340880193977235				Ghana			Kay So		0	2017-06-14 03:49:54	2017-06-14 03:49:54
318	1b32c1ba468d1e5b87a28b320b9a4fde				Ghana			Major Lazer	@MAJORLAZER	0	2017-06-15 11:00:34	2017-06-15 11:00:34
319	37934fcfb8a7b07fdcb4ea59e937bdef				Ghana			Nasty C		0	2017-06-15 11:00:56	2017-06-15 11:00:56
320	01d9d634ab1fe78f4bfc4398c77a744a				Ghana			Jidenna		0	2017-06-15 11:01:28	2017-06-15 11:01:28
321	6b524331031b76ec12e398ad18d0bb83				Ghana			Richard Yah		0	2017-06-15 11:57:16	2017-06-15 11:57:16
322	324f55dfefdd87b0b67a9465e3172971				Ghana			Yah		0	2017-06-15 11:58:23	2017-06-15 11:58:23
323	c39c2e9eb1283df43a80eda01a0784d0				Ghana			Okortor		0	2017-06-16 11:25:56	2017-06-16 11:25:56
324	f6c89d9fd82d5628f9168e416d577a14				Ghana			Wiz Khalifa		0	2017-06-16 11:42:46	2017-06-16 11:42:46
325	3bb001b353341077b965e3701b418768				Ghana			Dj Xclusive	@DJXCLUSIVE ‏	0	2017-06-19 11:57:31	2017-06-19 11:57:31
326	4c9b05e77cfc92fb882436107ff34f8c				Ghana			Lousika		0	2017-06-19 12:14:49	2017-06-19 12:14:49
327	5996d337cd7fed511af43ad4cd7597df				Ghana			Keche		0	2017-06-19 18:03:00	2017-06-19 18:03:00
328	bf18630caaeb85881e62440b4226611b				Ghana			Dj Vyrusky	@djvyrusky	0	2017-06-19 23:20:49	2017-06-19 23:20:49
329	ce320f4c31ea8f5ccf2c43366cfffe4d				Ghana			Majesty		0	2017-06-20 07:37:13	2017-06-20 07:37:13
330	81c9e51dc2d316fa3bc5d6b4ad4e484e				Ghana			Zed Ay Kay		0	2017-06-20 18:11:14	2017-06-20 18:11:14
331	4f89b28a5e8512c7fc81c484e30f4f1e				Ghana			Ahkan		0	2017-06-20 19:20:32	2017-06-20 19:20:32
332	59ed6f0516240375a45f9c7605524869				Ghana			Damaris		0	2017-06-20 19:20:41	2017-06-20 19:20:41
333	61865a427bffa73a369b9c25b32e03ef				Ghana			Kurl Songx	@kurlsongxgh	0	2017-06-21 05:22:46	2017-06-21 05:22:46
334	fcd050719a305455d82ec546a3197891				Ghana			Darkovibes		0	2017-06-21 05:23:19	2017-06-21 05:23:19
335	cda72df65832415b4d430716467dc2a1				Ghana			Fancy Gadam	@FancyGadam2	0	2017-06-21 05:23:39	2017-06-21 05:23:39
336	e598ffba58da77b5aaad652ca838eb8b				Ghana			Funny Face		0	2017-06-21 05:24:51	2017-06-21 05:24:51
337	ebd9769ed96495b44c74c95289ce5915				Ghana			Justine Skye		0	2017-06-21 05:25:57	2017-06-21 05:25:57
338	f50c99627b52254f29d40de427e81b4d				Ghana			247		0	2017-06-21 05:26:02	2017-06-21 05:26:02
339	eaaa9ab9b6460d46f5caa01fc12b6d6c				Ghana			Kobby		0	2017-06-21 05:30:25	2017-06-21 05:30:25
340	567c0dd946d506e5b362b3bb22254f63				Ghana			Hecta		0	2017-06-21 05:44:25	2017-06-21 05:44:25
341	a848f80a2ad8ecdf0c0c5ddca97ee072				Ghana			Pee Gh		0	2017-06-21 09:05:39	2017-06-21 09:05:39
342	17dd5808c50808358a69b033396d766f				Ghana			Klu		0	2017-06-21 09:41:48	2017-06-21 09:41:48
343	6d96cd22b9487ac92b0ed84bc4871c09				Ghana			Kofi B		0	2017-06-21 09:46:52	2017-06-21 09:46:52
344	b587b4c6de5243f5f998cdd33b76a005				Ghana			Kwesi Pee		0	2017-06-21 09:47:02	2017-06-21 09:47:02
345	744a0f5ac3f4bc8f2be189d3b53318f2				Ghana			Bismark		0	2017-06-21 14:20:59	2017-06-21 14:20:59
346	842f27165219e26c5f9cafe2f0c23d15				Ghana			Bismark The Joke		0	2017-06-21 14:22:25	2017-06-21 14:22:25
347	c65b3fa561cde5161c9f70429e161f6c				Ghana			Praiz		0	2017-06-21 14:28:22	2017-06-21 14:28:22
348	42780d655406b669a70200399cedf934				Ghana			Tension		0	2017-06-21 22:33:26	2017-06-21 22:33:26
349	72c86361952c3303dc77b7c41e489f4c				Ghana			Beatbender		0	2017-06-21 22:47:20	2017-06-21 22:47:20
350	9151a66b56162b586f2f64cfe634ffd6				Ghana			Kwabena Kwabena		0	2017-06-21 22:54:21	2017-06-21 22:54:21
351	80bac9f2d2ffef1874212dbdc8771d3d				Ghana			2baba		0	2017-06-23 17:08:42	2017-06-23 17:08:42
352	3be383a1279aeb93b730ccd85b296851				Ghana			2 In One		0	2017-06-23 17:43:23	2017-06-23 17:43:23
353	026dc94850606f112d9bec88a724784a				Ghana			Dj Lambo		0	2017-06-23 18:33:24	2017-06-23 18:33:24
354	958088ed807af12d7231392d4605e97c				Ghana			Mutombo De Poet		0	2017-06-24 11:17:44	2017-06-24 11:17:44
355	39f5393c2ca2c41d76adebbe09fdc810				Ghana			Kiss Daniel		0	2017-06-24 11:36:19	2017-06-24 11:36:19
356	0ff8cf9228df33a5acd9a8393e64b6ad				Ghana			Ofori Amponsah		0	2017-06-24 12:32:04	2017-06-24 12:32:04
357	df0a5231f273d7811ff1114cbf19f46f				Ghana			Sayvee		0	2017-06-24 16:05:43	2017-06-24 16:05:43
358	881cf7feb1cd9533f705daa39b7dac1f				Ghana			Piesie		0	2017-06-24 19:41:02	2017-06-24 19:41:02
359	d9888cdad59935497e0c9c907fa69038				Ghana			Jeed Roger		0	2017-06-24 21:11:17	2017-06-24 21:11:17
360	3f3ced04bdda6e9b6f92c03a063bbed2				Ghana			Itchy		0	2017-06-24 21:23:15	2017-06-24 21:23:15
361	00e71b386beb77a292e9d409590158cb				Ghana			O.b	@obnationgh	0	2017-06-24 21:24:09	2017-06-24 21:24:09
362	3c3fa7c3c1ba697c36c6714a671faa32				Ghana			Opanka		0	2017-06-24 21:56:51	2017-06-24 21:56:51
363	aebdee3ef6af99ae80ff75184ef7b186				Ghana			Kwamz & Flava	@kwams and @flava	0	2017-06-24 22:01:59	2017-06-24 22:01:59
364	389458a08468973f5a5022291d0c2e52				Ghana			Mavado	@Mavado_Gully	0	2017-06-25 01:57:06	2017-06-25 01:57:06
365	9b75a1aaf090d58ae9c4d609ea2f8391				Ghana			Navy Kenzo		0	2017-06-25 02:00:04	2017-06-25 02:00:04
366	a01d6955cdb1ef7c31dc8ddadcf8655b				Ghana			Diamond Platinumz		0	2017-06-25 02:13:51	2017-06-25 02:13:51
367	2b6b4d637f250743ca843a9048c8bd0b				Ghana			Ras Kuuku		0	2017-06-25 02:20:59	2017-06-25 02:20:59
368	1a08e9c11b15f99f83ceee5cdbd80e2e				Ghana			Wstrn		0	2017-06-25 02:26:50	2017-06-25 02:26:50
369	566f58518414186f601900baccdbfac0				Ghana			Dopenation		0	2017-06-27 11:19:24	2017-06-27 11:19:24
370	abf166192ba4c198f2b8db3746024a07				Ghana			Abra Cadabra		0	2017-06-27 16:42:09	2017-06-27 16:42:09
371	8be1aa5ddd765c76221c65e1ee18d0de				Ghana			Jah Lead		0	2017-06-27 18:21:29	2017-06-27 18:21:29
372	dae67653cdee31a76320be3c5a556ec8				Ghana			Simi		0	2017-06-27 19:28:33	2017-06-27 19:28:33
373	f541a4e90978c8a62d77d1d726ea9527				Ghana			Zeal		0	2017-06-27 19:46:00	2017-06-27 19:46:00
374	3f0e9a394c36eafadede72e312b9c70b				Ghana			Eva Alordiah		0	2017-06-27 19:50:52	2017-06-27 19:50:52
375	b621633297c362f176073bf1bbe82b79				Ghana			Seyi Shay		0	2017-06-27 19:51:21	2017-06-27 19:51:21
376	85694f5b7aa2e000287329b3d9d6defd				Ghana			Emtee		0	2017-06-27 21:16:28	2017-06-27 21:16:28
377	2b523459455e55f7fbcc94c636cf121e				Ghana			Prince		0	2017-06-27 22:17:48	2017-06-27 22:17:48
378	ecbc4f6b4cc3b66704944da914d0338b				Ghana			Kidi	@KiDiMusic	0	2017-06-28 16:20:16	2017-06-28 16:20:16
379	92e4219d1f06af400fd1f619889fce3d				Ghana			Solidstar		0	2017-06-28 22:18:29	2017-06-28 22:18:29
380	2487b44b5c2004d19c7b172d6abfcf49				Ghana			Poetra Asantewa		0	2017-06-29 13:15:40	2017-06-29 13:15:40
381	af07db58b5ccebcfeeccc57be03aedba				Ghana			Victoria Kimani		0	2017-06-29 21:36:43	2017-06-29 21:36:43
382	94cf033ea83b36b6f41a7c9f4f41d1db				Ghana			Dj Tunez		0	2017-06-29 21:56:24	2017-06-29 21:56:24
383	ec5e8339dbd237be88a9eadc6dbe4955				Ghana			Fish Scale		0	2017-06-29 22:19:31	2017-06-29 22:19:31
384	af34b799718b8b8ad3bfead333dbf7fb				Ghana			21 Savage		0	2017-06-29 22:34:35	2017-06-29 22:34:35
385	ad9ef53570e8bca22f4767b30928ef72				Ghana			Don Chorus		0	2017-06-30 07:43:00	2017-06-30 07:43:00
386	ab7738bce9eb3efe037c33e05b3d5fb5				Ghana			Oritse Femi		0	2017-06-30 15:20:17	2017-06-30 15:20:17
387	e1092cb7578e3f8ee6178c1ec7204702				Ghana			Scripture		0	2017-06-30 15:24:09	2017-06-30 15:24:09
388	b6ce49734dcad23bd96394b020f07757				Ghana			Singlet		0	2017-06-30 15:27:47	2017-06-30 15:27:47
389	9d4f228aeefdd6db9ce35c25edcdf564				Ghana			Papa Elliot		0	2017-06-30 15:28:07	2017-06-30 15:28:07
390	f1fecbff3f01678ebc807ac1aaebc749				Ghana			Qwesi Flex		0	2017-06-30 15:28:43	2017-06-30 15:28:43
391	8b341351d08c63565cffb90ec624948a				Ghana			Willis Beatz		0	2017-06-30 15:31:07	2017-06-30 15:31:07
392	2eed5e745f0b29dbb67eef75b7cb5814				Ghana			C2c		0	2017-06-30 18:13:49	2017-06-30 18:13:49
393	c37288a19ebc0858c7e42b97ce1f89bd				Ghana			Dj Slim		0	2017-06-30 18:42:45	2017-06-30 18:42:45
394	9eb7f1736839c4518ef5f40d7565b533				Ghana			Shaydee		0	2017-06-30 21:21:05	2017-06-30 21:21:05
395	f30da42c7051e6944ebfd22d2681e21e				Ghana			Eye Judah		0	2017-07-02 20:32:22	2017-07-02 20:32:22
396	85e01ae825f38f38a4d077342d7836de				Ghana			Renner		0	2017-07-02 20:32:27	2017-07-02 20:32:27
397	c118c95038a787c6ce29745ab431cfe7				Ghana			Knii Lante	@KniiLante	0	2017-07-02 20:36:10	2017-07-02 20:36:10
398	af7ba4b7a2baabee96016ba00973b56a				Ghana			Dj Sly		0	2017-07-02 20:39:21	2017-07-02 20:39:21
399	5b644fd88cc61316d9d44f277ca39690				Ghana			Aramide		0	2017-07-02 20:45:02	2017-07-02 20:45:02
400	13334749e99735dc9794bed350b69ec0				Ghana			Toofan	@ToofanOfficiel	0	2017-07-02 21:11:29	2017-07-02 21:11:29
401	539ccb66f33fea8f89a69d40b6c0642e				Ghana			Capo Snoop		0	2017-07-03 08:52:31	2017-07-03 08:52:31
402	98d9c7c071d48636694f5815f5958404				Ghana			Bless		0	2017-07-03 08:55:42	2017-07-03 08:55:42
403	918ebe9d2555460e73218ac5be8f0b2b				Ghana			Ogunskele		0	2017-07-04 00:20:10	2017-07-04 00:20:10
404	b02786f801e920458c1f86aadefabb01				Ghana			Motia		0	2017-07-04 08:52:43	2017-07-04 08:52:43
405	ef66225833029a19c93871502f0c1235				Ghana			Dj Frenchkiss		0	2017-07-04 09:15:44	2017-07-04 09:15:44
406	7ce6ce38d897119229bbfc67073c47ab				Ghana			Asenso		0	2017-07-04 09:54:58	2017-07-04 09:54:58
407	af2b25185541c01bf14cac1b5ca8e490				Ghana			Joyce Blessing		0	2017-07-04 12:27:07	2017-07-04 12:27:07
408	a36b1fd94bb991086e1df58b53c6d4a7				Ghana			Agbeko		0	2017-07-04 22:23:40	2017-07-04 22:23:40
409	5394f7bfc6d768a0df5d0119ec394e8b				Ghana			Mr Awesome		0	2017-07-04 22:58:01	2017-07-04 22:58:01
410	18b0f41d5fdd71f27d15728563bd749a				Ghana			Rashida		0	2017-07-04 23:01:36	2017-07-04 23:01:36
411	29bec07c39544d8d83911791261f1666				Ghana			Kooko		0	2017-07-04 23:01:50	2017-07-04 23:01:50
412	4cf62423dc01869594539f2affc7d3c9				Ghana			The Last Page		0	2017-07-05 01:53:35	2017-07-05 01:53:35
413	6aa698c4f1b072d4ca1c57703311d624				Ghana			Drumnayshin		0	2017-07-05 02:05:19	2017-07-05 02:05:19
414	79a2ee7f38a792b401f43e6da3507b53				Ghana			L. A. X.		0	2017-07-05 10:14:41	2017-07-05 10:14:41
415	8f5f970a72d2b91fb830feb6a1e5e921				Ghana			Dremo		0	2017-07-05 10:14:51	2017-07-05 10:14:51
416	08c6a0dccc0e4fe5cc2ecf1ed3fff335				Ghana			2toff		0	2017-07-05 20:26:44	2017-07-05 20:26:44
417	4daaae0ed6801d05c7b6c37104e25a16				Ghana			Diana Antwi Hamilton	@dianaahamilton	0	2017-07-06 06:40:18	2017-07-06 06:40:18
418	d7e72b018af0fda4c107eb7502f21852				Ghana			Esther Smith		0	2017-07-06 07:05:10	2017-07-06 07:05:10
419	286c89a336f38a643867cfa7dbbdbdfc				Ghana			Ernest Opoku		0	2017-07-06 07:05:17	2017-07-06 07:05:17
420	a835806f4c6c5770d16206b661c3f184				Ghana			Sloopy M. Gyamfi		0	2017-07-08 14:02:17	2017-07-08 14:02:17
421	38840ae56429c72f76f301ea9a07a8b3				Ghana			Max Kofi		0	2017-07-08 14:13:30	2017-07-08 14:13:30
422	3b3fa6abca661fcf661f731b87336d1a				Ghana			Aboagye De Costa		0	2017-07-08 14:29:23	2017-07-08 14:29:23
423	118969e2343f0edec11626f3e7dba87d				Ghana			Aboagye Da Costa		0	2017-07-08 14:32:24	2017-07-08 14:32:24
424	268ca0247b7179cdb90c9f37d23ad04b				Ghana			Yaw Micah		0	2017-07-08 14:50:13	2017-07-08 14:50:13
425	a256381906500c943af609deb71c3826				Ghana			Oheneba Kissi		0	2017-07-08 16:41:25	2017-07-08 16:41:25
426	47017ecc0f0f896cd447adb42939af9c				Ghana			Tema Youth Choir		0	2017-07-08 20:50:54	2017-07-08 20:50:54
427	f9420ba02eadb413b25b3e10d5b62079				Ghana			Danny Beatz	@DannyBeatzGh	0	2017-07-09 07:53:55	2017-07-09 07:53:55
428	16b23b5334c77c28c85af90dc25d0d0b				Ghana			Tickles		0	2017-07-09 07:54:07	2017-07-09 07:54:07
429	fcfe8dec37d4bef3af94e1371a3593fb				Ghana			Jewel Ackah		0	2017-07-10 10:42:21	2017-07-10 10:42:21
430	a66b95a36ede4cfbad99d0188b5505d7				Ghana			Robby Adams		0	2017-07-10 13:18:38	2017-07-10 13:18:38
431	c41f7eab09fa8aac391945508d74c586				Ghana			Klem		0	2017-07-10 14:35:24	2017-07-10 14:35:24
432	7fd0d0a10228e0697cbac9a263246fe4				Ghana			Wyre		0	2017-07-11 14:26:53	2017-07-11 14:26:53
433	f76b5d8979098417bf13c45b83ecb17a				Ghana			Mercy Johnson		0	2017-07-14 12:27:45	2017-07-14 12:27:45
434	bb279ddd2e8307ac6b326d6a4ee01d49				Ghana			Taboo		0	2017-07-14 22:32:26	2017-07-14 22:32:26
435	5117e184ce6ee26f6ce873ea23a7e7cd				Ghana			Kalybos		0	2017-07-15 00:15:43	2017-07-15 00:15:43
436	3c8f076eb3b4d4a2da961046a5c7c19c				Ghana			Magnito		0	2017-07-15 00:25:38	2017-07-15 00:25:38
437	267a6dc18e527ee743da78cdae4433e3				Ghana			Sean Taylor		0	2017-07-15 12:06:11	2017-07-15 12:06:11
438	91851ffc93d66f16095b30ad3879b2cf				Ghana			Quarme Zeggay		0	2017-07-15 21:56:16	2017-07-15 21:56:16
439	6dc09b2a49970e8c63755027fc72b71b				Ghana			Sariki		0	2017-07-15 22:58:43	2017-07-15 22:58:43
440	3c44cc9101aecb7f379205bb1f1fc3e3				Ghana			K. K. Asare		0	2017-07-17 21:10:47	2017-07-17 21:10:47
441	a083d9769eb8cd8b1b27ba114ce7eaef				Ghana			Lartiste		0	2017-07-17 21:15:09	2017-07-17 21:15:09
442	30e61f7a2d70bfbd77dcff30b40c8231				Ghana			Ceeza Milli		0	2017-07-17 22:04:21	2017-07-17 22:04:21
443	f0734187d02748daf51017c8097d4fb5				Ghana			Spicer		0	2017-07-17 22:11:52	2017-07-17 22:11:52
444	992950c2094a7b3407aef1b2c7da90eb				Ghana			Kamelyeon		0	2017-07-17 22:34:54	2017-07-17 22:34:54
445	afde5626f9ff1312c6bb8a81da72febd				Ghana			Zack Gh		0	2017-07-17 23:00:32	2017-07-17 23:00:32
446	a351522f383abba1a91d57c9cbec1f4e				Ghana			Top Kay		0	2017-07-17 23:00:48	2017-07-17 23:00:48
447	913fccbb83ec5c6e69a1ecb920e3bb9e				Ghana			M. O. G. Beats		0	2017-07-17 23:44:32	2017-07-17 23:44:32
448	fcef065464201c955b2bbba9e7e9c580				Ghana			Ennwai		0	2017-07-18 00:09:30	2017-07-18 00:09:30
449	97cd5e0275afb51f83354ecc7a496aca				Ghana			Mr Hmhmm		0	2017-07-18 00:09:39	2017-07-18 00:09:39
450	4a14f4f5ef6d948fb54a08d68b9b0c2f				Ghana			Jude Lomotey		0	2017-07-18 09:21:39	2017-07-18 09:21:39
451	7c4c2296d2cd1d9ba7ffccad022b2614				Ghana			Demarco	@DemarcoDaDon	0	2017-07-20 07:45:26	2017-07-20 07:45:26
452	e821aa90ebd5af336f0202727985a77e				Ghana			Reggie & Bollie	@ReggieNBollie	0	2017-07-22 16:16:33	2017-07-22 16:16:33
453	f7fcb45257b42d299500d5c43b564bbd				Ghana			Kaywise		0	2017-07-22 16:57:13	2017-07-22 16:57:13
454	0ac98014220c1499271101f241d4b8c7				Ghana			Mr Poe		0	2017-07-22 17:01:10	2017-07-22 17:01:10
455	379233993d42e1f90711880335355997				Ghana			Dr. Paa Bobo		0	2017-07-24 14:10:56	2017-07-24 14:10:56
456	d89029822f71678eb8ebffe990e261fd				Ghana			T - Bag		0	2017-07-24 14:54:42	2017-07-24 14:54:42
457	9553c26ef45f178db7ba2a9fefc04cdb				Ghana			Bebelino		0	2017-07-26 09:57:38	2017-07-26 09:57:38
458	8325c0de89078bbe727133ff2d8f72bd				Ghana			Mac M		0	2017-07-26 09:58:56	2017-07-26 09:58:56
459	8bf43e6cfd9c9ccc624c0e09bffa5dbc				Ghana			Black Prophet		0	2017-07-26 10:18:13	2017-07-26 10:18:13
460	46c67f9318590a03708e1ca6915eea5a				Ghana			Aime		0	2017-07-27 11:40:06	2017-07-27 11:40:06
461	ce344e8e4f2a15545f4c09b101c8a8f3				Ghana			Rae Sremmurd		0	2017-07-27 19:26:25	2017-07-27 19:26:25
462	c094612baa0c7b3e1bc4f737c1135a82				Ghana			Young Thug		0	2017-07-27 19:28:52	2017-07-27 19:28:52
463	29ece468d7032446dd679c52529859a1				Ghana			Sizzla Kalonji		0	2017-07-27 19:46:23	2017-07-27 19:46:23
464	afba74ee8c293c75ea6031472e92a21b				Ghana			Jerry Orimba		0	2017-08-01 05:18:31	2017-08-01 05:18:31
465	5cfc737fb5fcd6842e5e985ee29c7d92				Ghana			Willy Paul		0	2017-08-01 05:18:42	2017-08-01 05:18:42
466	10fc4c35ec435285950389484f3d666f				Ghana			Mr. Seed		0	2017-08-01 05:19:00	2017-08-01 05:19:00
467	ca5b053b59b783ad8f404ab6180f66cf				Ghana			Bahati		0	2017-08-01 05:19:12	2017-08-01 05:19:12
468	d58664eff270f583bbbfa6f72dbebf2c				Ghana			Mercy Masika		0	2017-08-01 05:19:27	2017-08-01 05:19:27
469	52caffa78032775fd2785b79a9858e25				Ghana			Kymo And Stigah		0	2017-08-01 05:21:28	2017-08-01 05:21:28
470	184b6f9fe123cd9cfcac03028c6d0238				Ghana			Kymo		0	2017-08-01 05:21:41	2017-08-01 05:21:41
471	7c641b2c297f31a893bf4888b69a1e9e				Ghana			Stigah		0	2017-08-01 05:21:53	2017-08-01 05:21:53
472	8ea2c3d27aacae6be4e52ffc9706863a				Ghana			Nyashinski	@RealShinski	0	2017-08-01 05:22:29	2017-08-01 05:22:29
473	07297f82ff898824bd92c7d46b980e72				Ghana			The Kansoul		0	2017-08-01 05:22:43	2017-08-01 05:22:43
474	5e68608efe0fe816d9026cb4175e8e10				Ghana			Darasa		0	2017-08-01 05:22:53	2017-08-01 05:22:53
475	38b294b5d6a5ceb924ffb3216ba179f9				Ghana			Collo		0	2017-08-01 05:23:01	2017-08-01 05:23:01
476	01328857727f6080b7216ced5518b26e				Ghana			Bruz Newton		0	2017-08-01 05:23:09	2017-08-01 05:23:09
477	ad589891622cdf11153af66c544e4702				Ghana			Khaligraph Jones		0	2017-08-01 05:24:17	2017-08-01 05:24:17
478	181ba01876c24500df2b3a4c561c8da9				Ghana			Timmy		0	2017-08-01 05:24:26	2017-08-01 05:24:26
479	caa01ac38ace7669820403eb4353ffea				Ghana			Ben Pol		0	2017-08-01 05:24:48	2017-08-01 05:24:48
480	10f87e97df158bb82583f3a11af03936				Ghana			Gloria Muliro		0	2017-08-01 05:24:57	2017-08-01 05:24:57
481	b26411798a994ac50fd8d7e33ae140bc				Ghana			Sauti Sol	@sautisol	0	2017-08-01 05:25:16	2017-08-01 05:25:16
482	d2055c05184a907c2069a164c85a49ed				Ghana			Emma Jalamo		0	2017-08-01 05:25:24	2017-08-01 05:25:24
483	c1f0da005264f10d62da737fde7d07b3				Ghana			Femi One		0	2017-08-01 05:25:50	2017-08-01 05:25:50
484	c0a36695ed0f6e4758fa6afc2015b611				Ghana			Kristoff		0	2017-08-01 05:26:00	2017-08-01 05:26:00
485	3849b49712e9d32ff68d5605fb61073c				Ghana			Alaine		0	2017-08-01 05:26:23	2017-08-01 05:26:23
486	d398a69651e576e8cf3be5e81b39f563				Ghana			Angel Benard		0	2017-08-01 05:26:39	2017-08-01 05:26:39
487	fb06a8fd088a96ad4c155c0f4fe395bd				Ghana			Zikki		0	2017-08-01 05:27:15	2017-08-01 05:27:15
488	57188716dcd5439c206e89f92ab3468f				Ghana			Fena Gitu	@fena_menal	0	2017-08-01 05:27:34	2017-08-01 05:27:34
489	502202c99b2a820a659fcb46277e1035				Ghana			H_art The Band		0	2017-08-01 05:27:47	2017-08-01 05:27:47
490	e5beb0ac9d88744aee71a355d66c88dd				Ghana			The Band Beca		0	2017-08-01 05:28:36	2017-08-01 05:28:36
491	102327d926b65cfc54ab37ff620722fb				Ghana			Cashy		0	2017-08-01 05:29:06	2017-08-01 05:29:06
492	a6cc38f950de18cdb746943a405e697c				Ghana			Size 8 Reborn		0	2017-08-01 05:29:42	2017-08-01 05:29:42
493	5389b5a3b6b84b994a0e78fa68d7fc18				Ghana			Don Itchi		0	2017-08-06 20:34:14	2017-08-06 20:34:14
494	66a40f476835dd072eda8b3a0d5ed0d7				Ghana			Mi Casa	@MiCasaMusic	0	2017-08-11 13:07:51	2017-08-11 13:07:51
495	35455f1b2937100b8d698107daa0cd18				Ghana			The Mason		0	2017-08-12 18:49:58	2017-08-12 18:49:58
496	bcf72283f22b13535076572d3f2ba7db				Ghana			Mercury Quaye		0	2017-08-12 18:50:13	2017-08-12 18:50:13
497	d8bc1d030a870c1d6f8ba14f544d6e2a				Ghana			Nana Yaa	@nanayaalive	0	2017-08-12 19:03:16	2017-08-12 19:03:16
498	8307c362916bd222a477dbee5fe160d9				Ghana			Akon	@Akon	0	2017-08-12 19:49:27	2017-08-12 19:49:27
499	081d8846fb69abf9877a736a4c5fd98a				Ghana			Vershon		0	2017-08-12 19:49:49	2017-08-12 19:49:49
500	f11980c452497c8d3033dfd9f22757f9				Ghana			Big Lean		0	2017-08-13 07:22:54	2017-08-13 07:22:54
501	ccab7aadb110a6188e5098d860188bab				Ghana			D-flex		0	2017-08-13 07:25:21	2017-08-13 07:25:21
502	47719139b1975cfb4807f17fd9636b2c				Ghana			Ak Songtress		0	2017-08-14 12:19:22	2017-08-14 12:19:22
503	f7a3059e0f39a95178b155c8ac5a56a5				Ghana			Vvice		0	2017-08-14 12:25:20	2017-08-14 12:25:20
504	f8817f988cf3c76505a2a3eff5c6c8ee				Ghana			Daughters Of Glorious Jesus		0	2017-09-16 21:46:42	2017-09-16 21:46:42
505	ae80d0f0170409aef867892145e85430				Ghana			2wise		0	2017-09-17 10:13:57	2017-09-17 10:13:57
506	ce2a497879586a1547853eee77c0507f				Ghana			A Plus		0	2017-09-17 10:17:24	2017-09-17 10:17:24
507	a9eff950fc1ea84b9accbe816ee74a6c				Ghana			Anda		0	2017-09-17 10:21:41	2017-09-17 10:21:41
508	82e1f4ad91efe9b5f92106436699728d				Ghana			C - Real		0	2017-09-17 10:28:46	2017-09-17 10:28:46
509	ebfd0ee3242e61149610a19f8a564cd8				Ghana			J Town		0	2017-09-17 10:28:51	2017-09-17 10:28:51
510	9a4257afbe2a74169c6d3737fdd38710				Ghana			Kwesi Oteng		0	2017-09-17 10:31:47	2017-09-17 10:31:47
511	b7c36a4f94293848c62c223305ccb393				Ghana			Donaeo	@donaeo	0	2017-09-17 10:40:49	2017-09-17 10:40:49
512	a59e9c5317950cd5a0971c50ff045ad7				Ghana			French Montana		0	2017-09-17 22:24:42	2017-09-17 22:24:42
513	8e0458e42186053dc7fefb0feb65386f				Ghana			Scientific		0	2017-09-18 12:49:10	2017-09-18 12:49:10
514	c9549ef44909334790037911f66934ef				Ghana			Nickmoah		0	2017-09-18 12:49:26	2017-09-18 12:49:26
515	692e868c165712a41add66309f364688				Ghana			Herty Borngreat		0	2017-09-18 13:15:43	2017-09-18 13:15:43
516	e30cfc60f934050df7bbff5a619a2eee				Ghana			Asaase Aban		0	2017-09-18 13:35:19	2017-09-18 13:35:19
517	a70d659071c67a72f95ff1a08b01f3ab				Ghana			Quabena Maphia		0	2017-09-18 13:38:02	2017-09-18 13:38:02
518	8f285b05b2f0f2f28a3a2bfefebddefe				Ghana			Dr Slim		0	2017-09-18 15:10:07	2017-09-18 15:10:07
519	610795ecdce3ac716055ae30dfcc765f				Ghana			Gifty Osei		0	2017-09-18 15:14:42	2017-09-18 15:14:42
520	243574476adc419611d9cec6d3369b42				Ghana			Selina Boateng		0	2017-09-18 15:41:50	2017-09-18 15:41:50
521	24a51f811879716964391db477e83c5a				Ghana			Sk Originale		0	2017-09-18 15:49:06	2017-09-18 15:49:06
522	9f68c756b7796b0f78e1bc6afa093963				Ghana			Karamanti		0	2017-09-18 15:50:23	2017-09-18 15:50:23
523	8432fh7h379jhnhbvnncbui2qp098j99				Ghana			D2		0	2017-09-18 16:14:33	2017-09-18 16:14:21
524	6dada61b3fcf10809f094f3c86aef851				Ghana			Galaxy King	@kinggalaxy	0	2017-09-18 16:24:35	2017-09-18 16:24:35
525	431d033beb7423d2c303ef6f1b482b6f				Ghana			Paedae		0	2017-09-18 16:53:26	2017-09-18 16:53:26
526	bbe6655119b14f237b2f203233054279				Ghana			Mohammed		0	2017-09-19 14:21:57	2017-09-19 14:21:57
527	866d22f34cfe90915d4f887db951fc70				Ghana			Kemenya		0	2017-09-19 14:22:07	2017-09-19 14:22:07
528	453fa67e24c16ba980a77f84b0994cd2				Ghana			Danso Abiam		0	2017-09-19 14:32:15	2017-09-19 14:32:15
529	0a615b9c6edbb87ec3c268ac3d305e32				Ghana			Duncan Mighty		0	2017-09-19 14:34:07	2017-09-19 14:34:07
530	c5ddb431d029566820c3717e7ceb1b27				Ghana			Afriyie	@AWutah	0	2017-09-19 14:40:06	2017-09-19 14:40:06
531	e15cf8e1979d0b3b3ed6cb0df70c3360				Ghana			Yaw Siki		0	2017-09-19 14:55:08	2017-09-19 14:55:08
532	8541c3b7bff0aea436d4532ff45181f8				Ghana			Patapaa	@patapaa_amisty	0	2017-09-19 14:58:26	2017-09-19 14:58:26
533	8b4be5b8245f7c3a66add2441a182f6f				Ghana			Ras Cann		0	2017-09-19 14:58:32	2017-09-19 14:58:32
534	9fef14a2481cbf3da126652383c6593e				Ghana			Kontihene		0	2017-09-19 16:00:28	2017-09-19 16:00:28
535	60bb2b21a66ea2b056be150c800b8192				Ghana			Yung L		0	2017-10-13 16:44:10	2017-10-13 16:44:10
536	eb4583858c413b5ce7a546a9290656de				Ghana			Dj Cuppy		0	2017-10-13 16:47:55	2017-10-13 16:47:55
537	d56f400d48bfe9a2f1ac0f18ec0bd09a				Ghana			Harry Song		0	2017-10-13 16:50:31	2017-10-13 16:50:31
538	2e80aaa3f8f1e794af50f4e10e0b55c1				Ghana			Riky Rick		0	2017-10-31 14:25:02	2017-10-31 14:25:02
539	d6c9ef0d3925a1bddbb0f7b913c890e0				Ghana			Tshego		0	2017-10-31 14:25:33	2017-10-31 14:25:33
540	55f958dabd3d9326e84b4c0cb4cf00ea				Ghana			Broni		0	2017-11-11 15:03:44	2017-11-11 15:03:44
541	9f1ae8dc225d071f9cfdb6ba27c7b570				Ghana			Brella		0	2017-11-14 17:23:55	2017-11-14 17:23:55
542	c78a8a413236d31c633daf2bdcf7df5e				Ghana			Big Shaq		0	2017-11-17 16:24:49	2017-11-17 16:24:49
543	180af63607210d221354a5c9c23ee147				Ghana			Fra		0	2017-11-18 18:30:08	2017-11-18 18:30:08
544	ef2a9941e6b9938ac3c416227f989db9				Ghana			Mix Masta Garzy		0	2017-11-24 06:27:12	2017-11-24 06:27:12
